"","species_jetz","low_limit","high_limit","n","species_from_detections","species_taxonomy_SACC_2021"
"1","Aburria_aburri",1074,1948,47,"Aburria_aburri","Aburria_aburri"
"2","Accipiter_bicolor",426,426,1,"Accipiter_bicolor","Accipiter_bicolor"
"3","Accipiter_collaris",1395,1395,1,"Accipiter_collaris","Accipiter_collaris"
"4","Accipiter_striatus",1514,2995,12,"Accipiter_striatus","Accipiter_striatus"
"5","Accipiter_superciliosus",415,415,1,"Accipiter_superciliosus","Accipiter_superciliosus"
"6","Adelomyia_melanogenys",938,2995,209,"Adelomyia_melanogenys","Adelomyia_melanogenys"
"7","Aglaeactis_castelnaudii",2911,2937,9,"Aglaeactis_castelnaudii","Aglaeactis_castelnaudii"
"8","Aglaeactis_cupripennis",2521,2991,38,"Aglaeactis_cupripennis","Aglaeactis_cupripennis"
"9","Aglaiocercus_kingi",1224,2650,32,"Aglaiocercus_kingii","Aglaiocercus_kingii"
"10","Amazilia_chionogaster",797,797,1,"Amazilia_chionogaster","Elliotomyia_chionogaster"
"11","Amazilia_lactea",415,415,1,"Amazilia_lactea","Chionomesa_lactea"
"12","Amazilia_viridicauda",1501,1501,1,"Amazilia_viridicauda","Elliotomyia_viridicauda"
"13","Amazona_farinosa",398,837,39,"Amazona_farinosa","Amazona_farinosa"
"14","Amazona_mercenaria",826,2942,136,"Amazona_mercenarius","Amazona_mercenarius"
"15","Amazona_ochrocephala",398,749,34,"Amazona_ochrocephala","Amazona_ochrocephala"
"16","Amblycercus_holosericeus",2458,3013,25,"Amblycercus_holosericeus","Amblycercus_holosericeus"
"17","Ammodramus_aurifrons",387,1492,46,"Ammodramus_aurifrons","Ammodramus_aurifrons"
"18","Ampelion_rubrocristatus",2521,2924,18,"Ampelion_rubrocristatus","Ampelion_rubrocristatus"
"19","Ampelion_rufaxilla",2820,2820,1,"Ampelion_rufaxilla","Ampelion_rufaxilla"
"20","Anabacerthia_striaticollis",969,2728,311,"Anabacerthia_striaticollis","Anabacerthia_striaticollis"
"21","Anabazenops_dorsalis",397,1304,78,"Anabazenops_dorsalis","Anabazenops_dorsalis"
"22","Anairetes_parulus",2816,2973,6,"Anairetes_parulus","Anairetes_parulus"
"23","Ancistrops_strigilatus",411,980,24,"Ancistrops_strigilatus","Ancistrops_strigilatus"
"24","Andigena_hypoglauca",2525,3159,70,"Andigena_hypoglauca","Andigena_hypoglauca"
"25","Anisognathus_igniventris",1717,3482,241,"Anisognathus_igniventris","Anisognathus_igniventris"
"26","Anisognathus_somptuosus",1514,2470,153,"Anisognathus_somptuosus","Anisognathus_somptuosus"
"27","Ara_ararauna",398,829,22,"Ara_ararauna","Ara_ararauna"
"28","Ara_macao",402,425,2,"Ara_macao","Ara_macao"
"29","Ara_militaris",718,1716,14,"Ara_militaris","Ara_militaris"
"30","Ara_severus",400,1236,83,"Ara_severus","Ara_severus"
"31","Aramides_cajanea",865,865,1,"Aramides_cajaneus","Aramides_cajaneus"
"32","Aratinga_leucophthalma",398,878,107,"Aratinga_leucophthalma","Psittacara_leucophthalmus"
"33","Aratinga_leucophthalma",398,878,107,NA,"Psittacara_leucophtalmus"
"34","Aratinga_mitrata",1621,3414,38,"Aratinga_mitrata","Psittacara_mitratus"
"35","Aratinga_weddellii",399,536,28,"Aratinga_weddellii","Aratinga_weddellii"
"36","Arremon_brunneinucha",1362,2109,54,"Arremon_brunneinucha","Arremon_brunneinucha"
"37","Arremon_castaneiceps",1129,1735,14,"Arremon_castaneiceps","Arremon_castaneiceps"
"38","Arremon_taciturnus",385,989,195,"Arremon_taciturnus","Arremon_taciturnus"
"39","Arremon_torquatus",2475,3032,61,"Arremon_torquatus","Arremon_torquatus"
"40","Atlapetes_melanolaemus",1383,3239,766,"Atlapetes_melanolaemus","Atlapetes_melanolaemus"
"41","Attila_spadiceus",399,1173,18,"Attila_spadiceus","Attila_spadiceus"
"42","Aulacorhynchus_coeruleicinctis",1454,2937,114,"Aulacorhynchus_coeruleicinctis","Aulacorhynchus_coeruleicinctis"
"43","Aulacorhynchus_derbianus",990,1852,36,"Aulacorhynchus_derbianus","Aulacorhynchus_derbianus"
"44","Aulacorhynchus_prasinus",381,1429,39,"Aulacorhynchus_prasinus","Aulacorhynchus_albivitta"
"45","Automolus_infuscatus",385,1134,68,"Automolus_infuscatus","Automolus_infuscatus"
"46","Automolus_melanopezus",354,1024,31,"Automolus_melanopezus","Automolus_melanopezus"
"47","Automolus_ochrolaemus",381,1655,227,"Automolus_ochrolaemus","Automolus_ochrolaemus"
"48","Automolus_rubiginosus",398,1279,19,"Automolus_rubiginosus","Clibanornis_rubiginosus"
"49","Automolus_rufipileatus",376,989,50,"Automolus_rufipileatus","Automolus_rufipileatus"
"50","Baryphthengus_martii",385,1621,66,"Baryphthengus_martii","Baryphthengus_martii"
"51","Basileuterus_bivittatus",634,1591,420,"Myiothlypis_bivittata","Myiothlypis_bivittata"
"52","Basileuterus_chrysogaster",535,1282,134,"Myiothlypis_chrysogaster","Myiothlypis_chrysogaster"
"53","Basileuterus_coronatus",1307,2728,503,"Myiothlypis_coronata","Myiothlypis_coronata"
"54","Basileuterus_luteoviridis",2305,3215,336,"Myiothlypis_luteoviridis","Myiothlypis_luteoviridis"
"55","Basileuterus_signatus",1428,2993,401,"Myiothlypis_signata","Myiothlypis_signata"
"56","Basileuterus_tristriatus",1146,2973,219,"Basileuterus_tristriatus","Basileuterus_tristriatus"
"57","Boissonneaua_matthewsii",1514,2974,40,"Boissonneaua_matthewsii","Boissonneaua_matthewsii"
"58","Bolborhynchus_lineola",1551,3383,32,"Bolborhynchus_lineola","Bolborhynchus_lineola"
"59","Bolborhynchus_orbygnesius",2673,2973,5,"Bolborhynchus_orbygnesius","Bolborhynchus_orbygnesius"
"60","Brotogeris_cyanoptera",414,426,6,"Brotogeris_cyanoptera","Brotogeris_cyanoptera"
"61","Brotogeris_sanctithomae",398,1074,22,"Brotogeris_sanctithomae","Brotogeris_sanctithomae"
"62","Bucco_capensis",395,449,8,"Bucco_capensis","Bucco_capensis"
"63","Bucco_macrodactylus",381,435,12,"Bucco_macrodactylus","Bucco_macrodactylus"
"64","Buteo_magnirostris",413,1202,9,"Buteo_magnirostris","Rupornis_magnirostris"
"65","Buteo_platypterus",2937,2937,1,"Buteo_platypterus","Buteo_platypterus"
"66","Buteo_polyosoma",2972,2972,1,"Buteo_polyosoma","Geranoaetus_polyosoma"
"67","Buteogallus_urubitinga",409,409,1,"Buteogallus_urubitinga","Buteogallus_urubitinga"
"68","Buthraupis_montana",2295,3239,300,"Buthraupis_montana","Buthraupis_montana"
"69","Cacicus_cela",381,934,25,"Cacicus_cela","Cacicus_cela"
"70","Cacicus_chrysonotus",2010,3342,213,"Cacicus_chrysonotus","Cacicus_chrysonotus"
"71","Cacicus_solitarius",381,387,8,"Cacicus_solitarius","Cacicus_solitarius"
"72","Campephilus_haematogaster",1362,2981,9,"Campephilus_haematogaster","Campephilus_haematogaster"
"73","Campephilus_melanoleucos",399,1336,43,"Campephilus_melanoleucos","Campephilus_melanoleucos"
"74","Campephilus_rubricollis",400,878,21,"Campephilus_rubricollis","Campephilus_rubricollis"
"75","Camptostoma_obsoletum",387,387,1,"Camptostoma_obsoletum","Camptostoma_obsoletum"
"76","Campylopterus_largipennis",381,1610,45,"Campylopterus_largipennis","Campylopterus_largipennis"
"77","Campylorhamphus_pucherani",797,2795,6,"Drymotoxeres_pucheranii","Drymotoxeres_pucheranii"
"78","Campylorhamphus_trochilirostris",381,1514,88,"Campylorhamphus_trochilirostris","Campylorhamphus_trochilirostris"
"79","Campylorhynchus_turdinus",400,1332,82,"Campylorhynchus_turdinus","Campylorhynchus_turdinus"
"80","Capito_auratus",398,1141,69,"Capito_auratus","Capito_auratus"
"81","Carduelis_magellanica",797,2973,42,"Carduelis_magellanica","Spinus_magellanicus"
"82","Carduelis_olivacea",1376,2741,8,"Carduelis_olivacea","Spinus_olivaceus"
"83","Catamblyrhynchus_diadema",1573,2981,41,"Catamblyrhynchus_diadema","Catamblyrhynchus_diadema"
"84","Catharus_dryas",1117,1573,190,"Catharus_dryas","Catharus_maculatus"
"85","Catharus_fuscater",1348,2745,2,"Catharus_fuscater","Catharus_fuscater"
"86","Catharus_ustulatus",344,2650,197,"Catharus_ustulatus","Catharus_ustulatus"
"87","Celeus_flavus",381,381,2,"Celeus_flavus","Celeus_flavus"
"88","Celeus_grammicus",410,725,8,"Celeus_grammicus","Celeus_grammicus"
"89","Celeus_spectabilis",381,381,2,"Celeus_spectabilis","Celeus_spectabilis"
"90","Cephalopterus_ornatus",1262,1583,5,"Cephalopterus_ornatus","Cephalopterus_ornatus"
"91","Cercomacra_cinerascens",392,823,105,"Cercomacra_cinerascens","Cercomacra_cinerascens"
"92","Cercomacra_manu",397,942,32,"Cercomacra_manu","Cercomacra_manu"
"93","Cercomacra_nigrescens",381,1514,11,"Cercomacra_nigrescens","Cercomacroides_nigrescens"
"94","Cercomacra_serva",399,1578,88,"Cercomacra_serva","Cercomacroides_serva"
"95","Chaetocercus_mulsant",1395,2816,5,"Chaetocercus_mulsant","Chaetocercus_mulsant"
"96","Chalcostigma_ruficeps",1973,3101,200,"Chalcostigma_ruficeps","Chalcostigma_ruficeps"
"97","Chamaeza_campanisona",1124,2590,80,"Chamaeza_campanisona","Chamaeza_campanisona"
"98","Chamaeza_mollissima",1948,2995,146,"Chamaeza_mollissima","Chamaeza_mollissima"
"99","Chamaeza_nobilis",400,425,3,"Chamaeza_nobilis","Chamaeza_nobilis"
"100","Charadrius_collaris",387,387,2,"Charadrius_collaris","Charadrius_collaris"
"101","Chelidoptera_tenebrosa",398,398,1,"Chelidoptera_tenebrosa","Chelidoptera_tenebrosa"
"102","Chiroxiphia_boliviana",866,2033,615,"Chiroxiphia_boliviana","Chiroxiphia_boliviana"
"103","Chloroceryle_aenea",381,956,9,"Chloroceryle_aenea","Chloroceryle_aenea"
"104","Chloroceryle_americana",1302,1302,1,"Chloroceryle_americana","Chloroceryle_americana"
"105","Chloroceryle_inda",397,398,2,"Chloroceryle_inda","Chloroceryle_inda"
"106","Chlorochrysa_calliparaea",969,1888,128,"Chlorochrysa_calliparaea","Chlorochrysa_calliparaea"
"107","Chlorophanes_spiza",402,1371,13,"Chlorophanes_spiza","Chlorophanes_spiza"
"108","Chlorophonia_cyanea",876,2527,169,"Chlorophonia_cyanea","Chlorophonia_cyanea"
"109","Chlorornis_riefferii",2292,3239,256,"Chlorornis_riefferii","Chlorornis_riefferii"
"110","Chlorospingus_canigularis",1129,1129,1,"Chlorospingus_canigularis","Chlorospingus_canigularis"
"111","Chlorospingus_flavigularis",850,2335,299,"Chlorospingus_flavigularis","Chlorospingus_flavigularis"
"112","Chlorospingus_ophthalmicus",1193,2728,258,"Chlorospingus_ophthalmicus","Chlorospingus_flavopectus"
"113","Chlorospingus_parvirostris",1134,2681,62,"Chlorospingus_parvirostris","Chlorospingus_parvirostris"
"114","Chlorostilbon_mellisugus",381,1514,21,"Chlorostilbon_mellisugus","Chlorostilbon_mellisugus"
"115","Chlorothraupis_carmioli",385,1090,245,"Chlorothraupis_carmioli","Chlorothraupis_carmioli"
"116","Chrysuronia_oenone",381,1449,22,"Chrysuronia_oenone","Chrysuronia_oenone"
"117","Cinclodes_albiventris",2742,2742,1,"Cinclodes_albiventris","Cinclodes_albiventris"
"118","Cinclus_leucocephalus",1654,2850,2,"Cinclus_leucocephalus","Cinclus_leucocephalus"
"119","Cinnycerthia_fulva",1948,3286,285,"Cinnycerthia_fulva","Cinnycerthia_fulva"
"120","Cissopis_leverianus",387,1309,13,"Cissopis_leverianus","Cissopis_leverianus"
"121","Cistothorus_platensis",2705,3016,5,"Cistothorus_platensis","Cistothorus_platensis"
"122","Claravis_mondetoura",2319,2673,3,"Claravis_mondetoura","Paraclaravis_mondetoura"
"123","Clypicterus_oseryi",400,538,9,"Cacicus_oseryi","Cacicus_oseryi"
"124","Cnemarchus_erythropygius",2524,2524,1,"Cnemarchus_erythropygius","Cnemarchus_erythropygius"
"125","Cnemoscopus_rubrirostris",2319,2995,27,"Cnemoscopus_rubrirostris","Cnemoscopus_rubrirostris"
"126","Cnemotriccus_fuscatus",387,411,4,"Cnemotriccus_fuscatus","Cnemotriccus_fuscatus"
"127","Coccyzus_americanus",412,412,1,"Coccyzus_americanus","Coccyzus_americanus"
"128","Coccyzus_melacoryphus",444,444,1,"Coccyzus_melacoryphus","Coccyzus_melacoryphus"
"129","Coeligena_coeligena",1134,2937,157,"Coeligena_coeligena","Coeligena_coeligena"
"130","Coeligena_torquata",2182,2887,76,"Coeligena_torquata","Coeligena_torquata"
"131","Coeligena_violifer",2458,3377,407,"Coeligena_violifer","Coeligena_violifer"
"132","Coereba_flaveola",797,1449,121,"Coereba_flaveola","Coereba_flaveola"
"133","Colaptes_punctigula",1280,1280,1,"Colaptes_punctigula","Colaptes_punctigula"
"134","Colaptes_rivolii",1230,2991,89,"Colaptes_rivolii","Colaptes_rivolii"
"135","Colaptes_rubiginosus",425,2010,140,"Colaptes_rubiginosus","Colaptes_rubiginosus"
"136","Colibri_coruscans",1134,2992,92,"Colibri_coruscans","Colibri_coruscans"
"137","Colibri_thalassinus",1134,2901,171,"Colibri_thalassinus","Colibri_cyanotus"
"138","Colonia_colonus",989,1230,3,"Colonia_colonus","Colonia_colonus"
"139","Columbina_talpacoti",387,387,1,"Columbina_talpacoti","Columbina_talpacoti"
"140","Conirostrum_albifrons",2319,2872,23,"Conirostrum_albifrons","Conirostrum_albifrons"
"141","Conirostrum_ferrugineiventre",2711,3424,3,"Conirostrum_ferrugineiventre","Conirostrum_ferrugineiventre"
"142","Conirostrum_sitticolor",2305,2993,12,"Conirostrum_sitticolor","Conirostrum_sitticolor"
"143","Conopias_cinchoneti",968,1584,74,"Conopias_cinchoneti","Conopias_cinchoneti"
"144","Conopophaga_ardesiaca",952,2728,182,"Conopophaga_ardesiaca","Conopophaga_ardesiaca"
"145","Conopophaga_castaneiceps",1362,1395,4,"Conopophaga_castaneiceps","Conopophaga_castaneiceps"
"146","Conopophaga_peruviana",360,732,74,"Conopophaga_peruviana","Conopophaga_peruviana"
"147","Contopus_fumigatus",1081,3101,143,"Contopus_fumigatus","Contopus_fumigatus"
"148","Contopus_sordidulus",1217,1255,3,"Contopus_sordidulus","Contopus_sordidulus"
"149","Corythopis_torquatus",381,1083,128,"Corythopis_torquatus","Corythopis_torquatus"
"150","Cranioleuca_curtata",613,1821,128,"Cranioleuca_curtata","Cranioleuca_curtata"
"151","Cranioleuca_gutturata",419,680,3,"Cranioleuca_gutturata","Cranioleuca_gutturata"
"152","Cranioleuca_marcapatae",2636,2993,35,"Cranioleuca_marcapatae","Cranioleuca_marcapatae"
"153","Creurgops_dentatus",1468,2344,24,"Creurgops_dentatus","Creurgops_dentatus"
"154","Crypturellus_atrocapillus",403,749,17,"Crypturellus_atrocapillus","Crypturellus_atrocapillus"
"155","Crypturellus_bartletti",378,599,38,"Crypturellus_bartletti","Crypturellus_bartletti"
"156","Crypturellus_cinereus",398,536,16,"Crypturellus_cinereus","Crypturellus_cinereus"
"157","Crypturellus_obsoletus",960,3013,263,"Crypturellus_obsoletus","Crypturellus_obsoletus"
"158","Crypturellus_soui",371,1115,48,"Crypturellus_soui","Crypturellus_soui"
"159","Crypturellus_undulatus",338,435,20,"Crypturellus_undulatus","Crypturellus_undulatus"
"160","Crypturellus_variegatus",414,599,11,"Crypturellus_variegatus","Crypturellus_variegatus"
"161","Cyanerpes_caeruleus",408,1432,17,"Cyanerpes_caeruleus","Cyanerpes_caeruleus"
"162","Cyanerpes_cyaneus",431,1134,4,"Cyanerpes_cyaneus","Cyanerpes_cyaneus"
"163","Cyanocompsa_cyanoides",381,1213,88,"Cyanocompsa_cyanoides","Cyanoloxia_cyanoides"
"164","Cyanocorax_cyanomelas",407,435,8,"Cyanocorax_cyanomelas","Cyanocorax_cyanomelas"
"165","Cyanocorax_violaceus",398,1255,64,"Cyanocorax_violaceus","Cyanocorax_violaceus"
"166","Cyanocorax_yncas",1061,2065,104,"Cyanocorax_yncas","Cyanocorax_yncas"
"167","Cyanolyca_viridicyanus",2290,3101,272,"Cyanolyca_viridicyanus","Cyanolyca_viridicyanus"
"168","Cymbilaimus_lineatus",422,453,13,"Cymbilaimus_lineatus","Cymbilaimus_lineatus"
"169","Cymbilaimus_sanctaemariae",409,1279,45,"Cymbilaimus_sanctaemariae","Cymbilaimus_sanctaemariae"
"170","Cyphorhinus_arada",379,445,42,"Cyphorhinus_arada","Cyphorhinus_arada"
"171","Cyphorhinus_thoracicus",981,2590,211,"Cyphorhinus_thoracicus","Cyphorhinus_thoracicus"
"172","Dacnis_cayana",419,1397,8,"Dacnis_cayana","Dacnis_cayana"
"173","Dacnis_flaviventer",416,416,2,"Dacnis_flaviventer","Dacnis_flaviventer"
"174","Dacnis_lineata",568,568,1,"Dacnis_lineata","Dacnis_lineata"
"175","Daptrius_ater",515,622,3,"Daptrius_ater","Daptrius_ater"
"176","Deconychura_longicauda",395,1339,39,"Deconychura_longicauda","Deconychura_longicauda"
"177","Delothraupis_castaneoventris",2305,3101,35,"Delothraupis_castaneoventris","Dubusia_castaneoventris"
"178","Dendrexetastes_rufigula",385,1395,62,"Dendrexetastes_rufigula","Dendrexetastes_rufigula"
"179","Dendrocincla_fuliginosa",381,1454,140,"Dendrocincla_fuliginosa","Dendrocincla_fuliginosa"
"180","Dendrocincla_merula",381,648,100,"Dendrocincla_merula","Dendrocincla_merula"
"181","Dendrocincla_tyrannina",2319,2973,64,"Dendrocincla_tyrannina","Dendrocincla_tyrannina"
"182","Dendrocolaptes_certhia",381,1217,30,"Dendrocolaptes_certhia","Dendrocolaptes_certhia"
"183","Dendrocolaptes_picumnus",397,1654,43,"Dendrocolaptes_picumnus","Dendrocolaptes_picumnus"
"184","Dendroplex_picus",430,430,1,"Xyphorinchus_picus","Dendroplex_picus"
"185","Dichrozona_cincta",400,429,8,"Dichrozona_cincta","Dichrozona_cincta"
"186","Diglossa_brunneiventris",2527,3049,58,"Diglossa_brunneiventris","Diglossa_brunneiventris"
"187","Diglossa_caerulescens",1397,2676,24,"Diglossa_caerulescens","Diglossa_caerulescens"
"188","Diglossa_cyanea",1397,3482,899,"Diglossa_cyanea","Diglossa_cyanea"
"189","Diglossa_glauca",1061,2728,238,"Diglossa_glauca","Diglossa_glauca"
"190","Diglossa_mystacalis",2742,3482,47,"Diglossa_mystacalis","Diglossa_mystacalis"
"191","Diglossa_sittoides",2527,2810,5,"Diglossa_sittoides","Diglossa_sittoides"
"192","Discosura_popelairii",1202,1202,1,"Discosura_popelairii","Discosura_popelairii"
"193","Doryfera_johannae",425,1050,14,"Doryfera_johannae","Doryfera_johannae"
"194","Doryfera_ludovicae",717,2728,223,"Doryfera_ludovicae","Doryfera_ludovicae"
"195","Dromococcyx_pavoninus",399,1454,8,"Dromococcyx_pavoninus","Dromococcyx_pavoninus"
"196","Drymophila_caudata",1387,2952,71,"Drymophila_caudata","Drymophila_caudata"
"197","Drymophila_devillei",392,1083,26,"Drymophila_devillei","Drymophila_devillei"
"198","Dryocopus_lineatus",934,1224,5,"Dryocopus_lineatus","Dryocopus_lineatus"
"199","Dubusia_taeniata",2305,2742,4,"Dubusia_taeniata","Dubusia_taeniata"
"200","Dysithamnus_mentalis",610,1735,173,"Dysithamnus_mentalis","Dysithamnus_mentalis"
"201","Elaenia_albiceps",956,2991,28,"Elaenia_albiceps","Elaenia_albiceps"
"202","Elaenia_gigas",387,2993,3,"Elaenia_gigas","Elaenia_gigas"
"203","Elaenia_obscura",2845,2845,1,"Elaenia_obscura","Elaenia_obscura"
"204","Elaenia_pallatangae",1724,3095,259,"Elaenia_pallatangae","Elaenia_pallatangae"
"205","Elaenia_parvirostris",1146,1146,1,"Elaenia_parvirostris","Elaenia_parvirostris"
"206","Elaenia_spectabilis",387,1449,12,"Elaenia_spectabilis","Elaenia_spectabilis"
"207","Elanoides_forficatus",818,818,1,"Elanoides_forficatus","Elanoides_forficatus"
"208","Electron_platyrhynchum",381,714,40,"Electron_platyrhynchum","Electron_platyrhynchum"
"209","Empidonax_alnorum",387,770,4,"Empidonax_alnorum","Empidonax_alnorum"
"210","Ensifera_ensifera",2650,2650,1,"Ensifera_ensifera","Ensifera_ensifera"
"211","Entomodestes_leucotis",1134,2816,378,"Entomodestes_leucotis","Entomodestes_leucotis"
"212","Epinecrophylla_erythrura",384,877,36,"Epinecrophylla_erythrura","Epinecrophylla_erythrura"
"213","Epinecrophylla_haematonota",398,398,1,"Epinecrophylla_haematonota","Epinecrophylla_haematonota"
"214","Epinecrophylla_leucophthalma",385,600,49,"Epinecrophylla_leucophthalma","Epinecrophylla_leucophthalma"
"215","Epinecrophylla_ornata",441,1651,63,"Epinecrophylla_ornata","Epinecrophylla_ornata"
"216","Epinecrophylla_spodionota",823,1501,36,"Epinecrophylla_spodionota","Epinecrophylla_spodionota"
"217","Eubucco_richardsoni",398,431,11,"Eubucco_richardsoni","Eubucco_richardsoni"
"218","Eubucco_tucinkae",392,450,8,"Eubucco_tucinkae","Eubucco_tucinkae"
"219","Eubucco_versicolor",1110,1862,44,"Eubucco_versicolor","Eubucco_versicolor"
"220","Euphonia_chlorotica",397,413,2,"Euphonia_chlorotica","Euphonia_chlorotica"
"221","Euphonia_chrysopasta",402,419,3,"Euphonia_chrysopasta","Euphonia_chrysopasta"
"222","Euphonia_laniirostris",397,438,5,"Euphonia_laniirostris","Euphonia_laniirostris"
"223","Euphonia_mesochrysa",1095,1735,40,"Euphonia_mesochrysa","Euphonia_mesochrysa"
"224","Euphonia_rufiventris",400,1117,15,"Euphonia_rufiventris","Euphonia_rufiventris"
"225","Euphonia_xanthogaster",369,2728,616,"Euphonia_xanthogaster","Euphonia_xanthogaster"
"226","Eurypyga_helias",1134,1134,1,"Eurypyga_helias","Eurypyga_helias"
"227","Eutoxeres_condamini",381,2728,286,"Eutoxeres_condamini","Eutoxeres_condamini"
"228","Florisuga_mellivora",381,1573,30,"Florisuga_mellivora","Florisuga_mellivora"
"229","Formicarius_analis",365,1246,216,"Formicarius_analis","Formicarius_analis"
"230","Formicarius_colma",385,599,12,"Formicarius_colma","Formicarius_colma"
"231","Formicarius_rufifrons",1279,1584,4,"Formicarius_rufifrons","Formicarius_rufifrons"
"232","Formicarius_rufipectus",1139,2012,177,"Formicarius_rufipectus","Formicarius_rufipectus"
"233","Frederickena_unduligera",415,439,4,"Frederickena_unduliger","Frederickena_unduliger"
"234","Furnarius_leucopus",381,1376,8,"Furnarius_leucopus","Furnarius_leucopus"
"235","Galbula_cyanescens",361,1425,74,"Galbula_cyanescens","Galbula_cyanescens"
"236","Geothlypis_aequinoctialis",387,387,1,"Geothlypis_aequinoctialis","Geothlypis_aequinoctialis"
"237","Geotrygon_frenata",850,3040,78,"Geotrygon_frenata","Zentrygon_frenata"
"238","Geotrygon_montana",332,1735,331,"Geotrygon_montana","Geotrygon_montana"
"239","Geotrygon_saphirina",2726,2726,1,"Geotrygon_saphirina","Geotrygon_saphirina"
"240","Glaucidium_bolivianum",2312,3414,76,"Glaucidium_bolivianum","Glaucidium_bolivianum"
"241","Glaucidium_brasilianum",392,421,4,"Glaucidium_brasilianum","Glaucidium_brasilianum"
"242","Glaucidium_hardyi",381,599,3,"Glaucidium_hardyi","Glaucidium_hardyi"
"243","Glaucis_hirsutus",345,508,70,"Glaucis_hirsutus","Glaucis_hirsutus"
"244","Glyphorynchus_spirurus",347,1514,632,"Glyphorynchus_spirurus","Glyphorynchus_spirurus"
"245","Grallaria_albigula",1506,2554,126,"Grallaria_albigula","Grallaria_albigula"
"246","Grallaria_erythroleuca",1758,3049,678,"Grallaria_erythroleuca","Grallaria_erythroleuca"
"247","Grallaria_guatimalensis",1173,1716,61,"Grallaria_guatimalensis","Grallaria_guatimalensis"
"248","Grallaria_rufula",2109,3414,107,"Grallaria_rufula","Grallaria_rufula"
"249","Grallaria_squamigera",2465,3414,28,"Grallaria_squamigera","Grallaria_squamigera"
"250","Grallaricula_ferrugineipectus",2458,3013,47,"Grallaricula_ferrugineipectus","Grallaricula_ferrugineipectus"
"251","Grallaricula_flavirostris",1449,2728,12,"Grallaricula_flavirostris","Grallaricula_flavirostris"
"252","Gymnoderus_foetidus",404,404,1,"Gymnoderus_foetidus","Gymnoderus_foetidus"
"253","Gymnopithys_salvini",381,853,158,"Gymnopithys_salvini","Oneillornis_salvini"
"254","Habia_rubica",381,680,50,"Habia_rubica","Habia_rubica"
"255","Haplophaedia_assimilis",1134,2538,9,"Haplophaedia_assimilis","Haplophaedia_assimilis"
"256","Haplophaedia_aureliae",2521,2542,4,"Haplophaedia_aureliae","Haplophaedia_aureliae"
"257","Haplospiza_rustica",1134,2995,36,"Haplospiza_rustica","Haplospiza_rustica"
"258","Harpyhaliaetus_solitarius",2364,2364,1,"Harpyhaliaetus_solitarius","Buteogallus_solitarius"
"259","Heliangelus_amethysticollis",2061,3383,424,"Heliangelus_amethysticollis","Heliangelus_amethysticollis"
"260","Heliodoxa_aurescens",344,1129,22,"Heliodoxa_aurescens","Heliodoxa_aurescens"
"261","Heliodoxa_leadbeateri",1088,2728,333,"Heliodoxa_leadbeateri","Heliodoxa_leadbeateri"
"262","Heliodoxa_rubinoides",1954,2324,7,"Heliodoxa_rubinoides","Heliodoxa_rubinoides"
"263","Heliodoxa_schreibersii",1124,1501,9,"Heliodoxa_schreibersii","Heliodoxa_schreibersii"
"264","Heliothryx_auritus",397,1129,2,"Heliothryx_auritus","Heliothryx_auritus"
"265","Hemispingus_atropileus",1950,3032,146,"Hemispingus_atropileus","Kleinothraupis_atropileus"
"266","Hemispingus_frontalis",1871,3235,9,"Hemispingus_frontalis","Sphenopsis_frontalis"
"267","Hemispingus_melanotis",1134,2816,255,"Hemispingus_melanotis","Sphenopsis_melanotis"
"268","Hemispingus_parodii",2576,2676,2,"Hemispingus_parodii","Kleinothraupis_parodii"
"269","Hemispingus_superciliaris",2324,2993,30,"Hemispingus_superciliaris","Thlypopsis_superciliaris"
"270","Hemispingus_trifasciatus",2830,3424,12,"Hemispingus_trifasciatus","Microspingus_trifasciatus"
"271","Hemispingus_xanthophthalmus",2520,3013,20,"Pseudospingus_xanthophthalmus","Pseudospingus_xanthophthalmus"
"272","Hemithraupis_flavicollis",404,826,6,"Hemithraupis_flavicollis","Hemithraupis_flavicollis"
"273","Hemithraupis_guira",407,1724,4,"Hemithraupis_guira","Hemithraupis_guira"
"274","Hemitriccus_flammulatus",400,951,21,"Hemitriccus_flammulatus","Hemitriccus_flammulatus"
"275","Hemitriccus_granadensis",1033,3239,317,"Hemitriccus_granadensis","Hemitriccus_granadensis"
"276","Hemitriccus_griseipectus",385,585,24,"Hemitriccus_griseipectus","Hemitriccus_griseipectus"
"277","Hemitriccus_iohannis",515,515,1,"Hemitriccus_iohannis","Hemitriccus_iohannis"
"278","Hemitriccus_rufigularis",1090,1173,2,"Hemitriccus_rufigularis","Hemitriccus_rufigularis"
"279","Henicorhina_leucophrys",1137,2787,848,"Henicorhina_leucophrys","Henicorhina_leucophrys"
"280","Herpetotheres_cachinnans",422,1404,5,"Herpetotheres_cachinnans","Herpetotheres_cachinnans"
"281","Herpsilochmus_axillaris",969,1578,71,"Herpsilochmus_axillaris","Herpsilochmus_axillaris"
"282","Herpsilochmus_rufimarginatus",762,1024,2,"Herpsilochmus_rufimarginatus","Herpsilochmus_rufimarginatus"
"283","Hydropsalis_climacocerca",387,1432,22,"Hydropsalis_climacocerca","Hydropsalis_climacocerca"
"284","Hylocharis_cyanus",413,417,3,"Hylocharis_cyanus","Chlorestes_cyanus"
"285","Hyloctistes_subulatus",381,1129,66,"Hyloctistes_subulatus","Automolus_subulatus"
"286","Hylopezus_berlepschi",406,435,12,"Hylopezus_berlepschi","Myrmothera_berlepschi"
"287","Hylophilus_hypoxanthus",344,1024,88,"Hylophilus_hypoxanthus","Pachysylvia_hypoxantha"
"288","Hylophilus_ochraceiceps",355,1139,59,"Hylophilus_ochraceiceps","Tunchiornis_ochraceiceps"
"289","Hylophilus_thoracicus",419,426,15,"Hylophilus_thoracicus","Hylophilus_thoracicus"
"290","Hylophylax_naevius",343,1339,237,"Hylophylax_naevius","Hylophylax_naevius"
"291","Hypocnemis_cantator",381,1496,310,"Hypocnemis_subflava","Hypocnemis_subflava"
"292","Hypocnemoides_maculicauda",381,407,3,"Hypocnemoides_maculicauda","Hypocnemoides_maculicauda"
"293","Ibycter_americanus",398,895,11,"Ibycter_americanus","Ibycter_americanus"
"294","Icterus_cayanensis",404,419,2,"Icterus_cayanensis","Icterus_cayanensis"
"295","Iridophanes_pulcherrimus",1127,1888,5,"Iridophanes_pulcherrimus","Iridophanes_pulcherrimus"
"296","Iridosornis_analis",850,2816,147,"Iridosornis_analis","Iridosornis_analis"
"297","Iridosornis_jelskii",2312,3482,95,"Iridosornis_jelskii","Iridosornis_jelskii"
"298","Jacamerops_aureus",418,467,3,"Jacamerops_aureus","Jacamerops_aureus"
"299","Klais_guimeti",1202,1202,1,"Klais_guimeti","Klais_guimeti"
"300","Knipolegus_aterrimus",2685,2937,3,"Knipolegus_aterrimus","Knipolegus_aterrimus"
"301","Knipolegus_signatus",2783,2783,1,"Knipolegus_signatus","Knipolegus_signatus"
"302","Lafresnaya_lafresnayi",2617,2816,2,"Lafresnaya_lafresnayi","Lafresnaya_lafresnayi"
"303","Laniisoma_elegans",410,410,1,"Laniisoma_elegans","Laniisoma_elegans"
"304","Lanio_versicolor",392,1279,149,"Lanio_versicolor","Lanio_versicolor"
"305","Laniocera_hypopyrra",385,600,28,"Laniocera_hypopyrra","Laniocera_hypopyrra"
"306","Lathrotriccus_euleri",381,1716,65,"Lathrotriccus_euleri","Lathrotriccus_euleri"
"307","Legatus_leucophaius",400,1387,41,"Legatus_leucophaius","Legatus_leucophaius"
"308","Lepidocolaptes_albolineatus",381,430,3,"Lepidocolaptes_fatimalimae","Lepidocolaptes_fatimalimae"
"309","Lepidocolaptes_lacrymiger",1131,2831,53,"Lepidocolaptes_lacrymiger","Lepidocolaptes_lacrymiger"
"310","Lepidothrix_coeruleocapilla",797,1821,263,"Lepidothrix_coeruleocapilla","Lepidothrix_coeruleocapilla"
"311","Lepidothrix_coronata",363,1362,418,"Lepidothrix_coronata","Lepidothrix_coronata"
"312","Leptopogon_amaurocephalus",357,1337,177,"Leptopogon_amaurocephalus","Leptopogon_amaurocephalus"
"313","Leptopogon_superciliaris",866,2369,326,"Leptopogon_superciliaris","Leptopogon_superciliaris"
"314","Leptopogon_taczanowskii",2312,2542,8,"Leptopogon_taczanowskii","Leptopogon_taczanowskii"
"315","Leptosittaca_branickii",2312,2324,2,"Leptosittaca_branickii","Leptosittaca_branickii"
"316","Leptotila_rufaxilla",367,1387,85,"Leptotila_rufaxilla","Leptotila_rufaxilla"
"317","Leptotila_verreauxi",407,1336,2,"Leptotila_verreauxi","Leptotila_verreauxi"
"318","Lesbia_nuna",1950,2911,3,"Lesbia_nuna","Lesbia_nuna"
"319","Leucippus_chlorocercus",387,387,3,"Leucippus_chlorocercus","Talaphorus_chlorocercus"
"320","Leucopternis_kuhli",418,418,1,"Leucopternis_kuhli","Leucopternis_kuhli"
"321","Leucopternis_melanops",436,436,1,"Leucopternis_melanops","Leucopternis_melanops"
"322","Liosceles_thoracicus",399,1117,153,"Liosceles_thoracicus","Liosceles_thoracicus"
"323","Lipaugus_vociferans",395,585,126,"Lipaugus_vociferans","Lipaugus_vociferans"
"324","Lochmias_nematura",818,2290,32,"Lochmias_nematura","Lochmias_nematura"
"325","Lophostrix_cristata",425,599,2,"Lophostrix_cristata","Lophostrix_cristata"
"326","Lophotriccus_eulophotes",344,344,1,"Lophotriccus_eulophotes","Lophotriccus_eulophotes"
"327","Lophotriccus_pileatus",850,1821,450,"Lophotriccus_pileatus","Lophotriccus_pileatus"
"328","Lurocalis_rufiventris",2575,2575,1,"Lurocalis_rufiventris","Lurocalis_rufiventris"
"329","Lurocalis_semitorquatus",599,599,1,"Lurocalis_semitorquatus","Lurocalis_semitorquatus"
"330","Machaeropterus_pyrocephalus",381,1429,146,"Machaeropterus_pyrocephalus","Machaeropterus_pyrocephalus"
"331","Malacoptila_fulvogularis",1213,2728,57,"Malacoptila_fulvogularis","Malacoptila_fulvogularis"
"332","Malacoptila_semicincta",385,837,22,"Malacoptila_semicincta","Malacoptila_semicincta"
"333","Manacus_manacus",381,956,4,"Manacus_manacus","Manacus_manacus"
"334","Margarornis_squamiger",1998,3424,114,"Margarornis_squamiger","Margarornis_squamiger"
"335","Mecocerculus_leucophrys",1954,3396,56,"Mecocerculus_leucophrys","Mecocerculus_leucophrys"
"336","Mecocerculus_stictopterus",2292,3383,271,"Mecocerculus_stictopterus","Mecocerculus_stictopterus"
"337","Megaceryle_torquata",381,431,2,"Megaceryle_torquata","Megaceryle_torquata"
"338","Megascops_albogularis",2550,2787,5,"Megascops_albogularis","Megascops_albogularis"
"339","Megascops_choliba",430,430,1,"Megascops_choliba","Megascops_choliba"
"340","Megascops_ingens",1337,1735,2,"Megascops_ingens","Megascops_ingens"
"341","Megascops_watsonii",404,526,7,"Megascops_watsonii","Megascops_watsonii"
"342","Melanerpes_cruentatus",404,1013,27,"Melanerpes_cruentatus","Melanerpes_cruentatus"
"343","Metallura_aeneocauda",2788,2973,2,"Metallura_aeneocauda","Metallura_aeneocauda"
"344","Metallura_tyrianthina",2319,3414,283,"Metallura_tyrianthina","Metallura_tyrianthina"
"345","Metopothrix_aurantiaca",433,433,1,"Metopothrix_aurantiaca","Metopothrix_aurantiaca"
"346","Micrastur_buckleyi",429,549,2,"Micrastur_buckleyi","Micrastur_buckleyi"
"347","Micrastur_buckleyi",429,549,2,NA,"Micraster_buckleyi"
"348","Micrastur_gilvicollis",385,983,8,"Micrastur_gilvicollis","Micrastur_gilvicollis"
"349","Micrastur_mirandollei",430,430,1,"Micrastur_mirandollei","Micrastur_mirandollei"
"350","Micrastur_ruficollis",381,2154,75,"Micrastur_ruficollis","Micrastur_ruficollis"
"351","Micrastur_semitorquatus",430,430,1,"Micrastur_semitorquatus","Micrastur_semitorquatus"
"352","Micrastur_semitorquatus",430,430,1,NA,"Micraster_semitorquatus"
"353","Microbates_cinereiventris",1210,1210,1,"Microbates_cinereiventris","Microbates_cinereiventris"
"354","Microcerculus_marginatus",381,1339,358,"Microcerculus_marginatus","Microcerculus_marginatus"
"355","Micromonacha_lanceolata",944,1852,22,"Micromonacha_lanceolata","Micromonacha_lanceolata"
"356","Microrhopias_quixensis",397,1279,53,"Microrhopias_quixensis","Microrhopias_quixensis"
"357","Mionectes_macconnelli",378,1514,168,"Mionectes_macconnelli","Mionectes_macconnelli"
"358","Mionectes_oleagineus",381,1735,413,"Mionectes_oleagineus","Mionectes_oleagineus"
"359","Mionectes_olivaceus",381,1735,509,"Mionectes_olivaceus","Mionectes_olivaceus"
"360","Mionectes_striaticollis",714,3377,967,"Mionectes_striaticollis","Mionectes_striaticollis"
"361","Mitrephanes_olivaceus",1376,1702,5,"Mitrephanes_olivaceus","Mitrephanes_olivaceus"
"362","Mitu_tuberosum",409,975,5,"Mitu_tuberosum","Mitu_tuberosum"
"363","Momotus_aequatorialis",1262,2743,11,"Momotus_aequatorialis","Momotus_aequatorialis"
"364","Momotus_momota",381,1758,87,"Momotus_momota","Momotus_momota"
"365","Monasa_morphoeus",385,599,24,"Monasa_morphoeus","Monasa_morphoeus"
"366","Monasa_nigrifrons",381,585,43,"Monasa_nigrifrons","Monasa_nigrifrons"
"367","Muscisaxicola_fluviatilis",387,387,2,"Muscisaxicola_fluviatilis","Syrtidicola_fluviatilis"
"368","Myadestes_ralloides",797,3049,441,"Myadestes_ralloides","Myadestes_ralloides"
"369","Myiarchus_cephalotes",1013,1348,2,"Myiarchus_cephalotes","Myiarchus_cephalotes"
"370","Myiarchus_ferox",387,990,8,"Myiarchus_ferox","Myiarchus_ferox"
"371","Myiarchus_tuberculifer",520,3239,114,"Myiarchus_tuberculifer","Myiarchus_tuberculifer"
"372","Myiobius_barbatus",385,646,53,"Myiobius_barbatus","Myiobius_barbatus"
"373","Myiobius_villosus",853,1735,32,"Myiobius_villosus","Myiobius_villosus"
"374","Myioborus_melanocephalus",1376,3383,791,"Myioborus_melanocephalus","Myioborus_melanocephalus"
"375","Myioborus_miniatus",818,2986,611,"Myioborus_miniatus","Myioborus_miniatus"
"376","Myiodynastes_chrysocephalus",989,2734,89,"Myiodynastes_chrysocephalus","Myiodynastes_chrysocephalus"
"377","Myiodynastes_maculatus",381,1339,4,"Myiodynastes_maculatus","Myiodynastes_maculatus"
"378","Myiopagis_gaimardii",400,622,13,"Myiopagis_gaimardii","Myiopagis_gaimardii"
"379","Myiophobus_fasciatus",387,1672,10,"Myiophobus_fasciatus","Myiophobus_fasciatus"
"380","Myiophobus_inornatus",956,1998,17,"Myiophobus_inornatus","Myiophobus_inornatus"
"381","Myiophobus_ochraceiventris",2324,3215,19,"Nephelomyias_ochraceiventris","Nephelomyias_ochraceiventris"
"382","Myiornis_ecaudatus",400,960,13,"Myiornis_ecaudatus","Myiornis_ecaudatus"
"383","Myiotheretes_fumigatus",2521,2742,2,"Myiotheretes_fumigatus","Myiotheretes_fumigatus"
"384","Myiotheretes_fuscorufus",2521,2985,13,"Myiotheretes_fuscorufus","Myiotheretes_fuscorufus"
"385","Myiotheretes_striaticollis",1059,3032,45,"Myiotheretes_striaticollis","Myiotheretes_striaticollis"
"386","Myiotriccus_ornatus",818,1202,33,"Myiotriccus_ornatus","Myiotriccus_ornatus"
"387","Myiozetetes_cayanensis",1371,1371,1,"Myiozetetes_cayanensis","Myiozetetes_cayanensis"
"388","Myiozetetes_granadensis",387,1006,10,"Myiozetetes_granadensis","Myiozetetes_granadensis"
"389","Myiozetetes_similis",1303,1303,1,"Myiozetetes_similis","Myiozetetes_similis"
"390","Myrmeciza_atrothorax",381,1334,27,"Myrmeciza_atrothorax","Myrmophylax_atrothorax"
"391","Myrmeciza_fortis",385,1101,44,"Myrmeciza_fortis","Hafferia_fortis"
"392","Myrmeciza_goeldii",381,1090,70,"Myrmeciza_goeldii","Akletos_goeldii"
"393","Myrmeciza_hemimelaena",381,1395,338,"Myrmeciza_hemimelaena","Sciaphylax_hemimelaena"
"394","Myrmoborus_leucophrys",381,1279,191,"Myrmoborus_leucophrys","Myrmoborus_leucophrys"
"395","Myrmoborus_myotherinus",381,1262,235,"Myrmoborus_myotherinus","Myrmoborus_myotherinus"
"396","Myrmothera_campanisona",385,1334,110,"Myrmothera_campanisona","Myrmothera_campanisona"
"397","Myrmotherula_axillaris",381,1501,183,"Myrmotherula_axillaris","Myrmotherula_axillaris"
"398","Myrmotherula_brachyura",399,1301,62,"Myrmotherula_brachyura","Myrmotherula_brachyura"
"399","Myrmotherula_hauxwelli",376,599,173,"Isleria_hauxwelli","Isleria_hauxwelli"
"400","Myrmotherula_iheringi",398,1307,6,"Myrmotherula_iheringi","Myrmotherula_iheringi"
"401","Myrmotherula_longicauda",837,1429,103,"Myrmotherula_longicauda","Myrmotherula_longicauda"
"402","Myrmotherula_longipennis",381,643,40,"Myrmotherula_longipennis","Myrmotherula_longipennis"
"403","Myrmotherula_menetriesii",397,1380,76,"Myrmotherula_menetriesii","Myrmotherula_menetriesii"
"404","Myrmotherula_multostriata",397,1279,3,"Myrmotherula_multostriata","Myrmotherula_multostriata"
"405","Myrmotherula_schisticolor",989,2578,118,"Myrmotherula_schisticolor","Myrmotherula_schisticolor"
"406","Myrmotherula_sclateri",419,742,6,"Myrmotherula_sclateri","Myrmotherula_sclateri"
"407","Nannopsittaca_dachilleae",1088,1088,1,"Nannopsittaca_dachilleae","Nannopsittaca_dachilleae"
"408","Neoctantes_niger",397,432,5,"Neoctantes_niger","Neoctantes_niger"
"409","Neomorphus_geoffroyi",410,410,1,"Neomorphus_geoffroyi","Neomorphus_geoffroyi"
"410","Nonnula_ruficapilla",381,956,13,"Nonnula_ruficapilla","Nonnula_ruficapilla"
"411","Nothocercus_nigrocapillus",1395,2973,65,"Nothocercus_nigrocapillus","Nothocercus_nigrocapillus"
"412","Notiochelidon_flavipes",2557,2781,6,"Orochelidon_flavipes","Orochelidon_flavipes"
"413","Nyctidromus_albicollis",366,440,17,"Nyctidromus_albicollis","Nyctidromus_albicollis"
"414","Nyctiphrynus_ocellatus",365,574,16,"Nyctiphrynus_ocellatus","Nyctiphrynus_ocellatus"
"415","Nystalus_striolatus",381,1013,24,"Nystalus_striolatus","Nystalus_striolatus"
"416","Ochthoeca_frontalis",2650,3377,19,"Silvicultrix_spodionota","Ochthoeca_frontalis"
"417","Ochthoeca_fumicolor",3237,3237,1,"Ochthoeca_fumicolor","Ochthoeca_fumicolor"
"418","Ochthoeca_pulchella",2023,3101,389,"Silvicultrix_pulchella","Ochthoeca_pulchella"
"419","Ochthoeca_rufipectoralis",2347,3377,192,"Ochthoeca_rufipectoralis","Ochthoeca_rufipectoralis"
"420","Ochthoeca_thoracica",2176,3032,69,"Ochthoeca_thoracica","Ochthoeca_cinnamomeiventris"
"421","Ochthornis_littoralis",404,411,2,"Ochthornis_littoralis","Ochthornis_littoralis"
"422","Ocreatus_underwoodii",956,2184,235,"Ocreatus_underwoodii","Ocreatus_underwoodii"
"423","Odontophorus_balliviani",1442,2937,20,"Odontophorus_balliviani","Odontophorus_balliviani"
"424","Odontophorus_speciosus",1007,1950,61,"Odontophorus_speciosus","Odontophorus_speciosus"
"425","Odontophorus_stellatus",400,944,23,"Odontophorus_stellatus","Odontophorus_stellatus"
"426","Odontorchilus_branickii",969,1724,18,"Odontorchilus_branickii","Odontorchilus_branickii"
"427","Onychorhynchus_coronatus",381,471,25,"Onychorhynchus_coronatus","Onychorhynchus_coronatus"
"428","Ornithion_inerme",402,520,5,"Ornithion_inerme","Ornithion_inerme"
"429","Ortalis_guttata",402,1388,28,"Ortalis_guttata","Ortalis_guttata"
"430","Orthopsittaca_manilata",419,419,1,"Orthopsittaca_manilata","Orthopsittaca_manilatus"
"431","Oryzoborus_angolensis",644,1387,13,"Oryzoborus_angolensis","Sporophila_angolensis"
"432","Pachyramphus_marginatus",414,430,5,"Pachyramphus_marginatus","Pachyramphus_marginatus"
"433","Pachyramphus_minor",404,643,7,"Pachyramphus_minor","Pachyramphus_minor"
"434","Pachyramphus_polychopterus",407,1718,4,"Pachyramphus_polychopterus","Pachyramphus_polychopterus"
"435","Pachyramphus_versicolor",1320,3101,33,"Pachyramphus_versicolor","Pachyramphus_versicolor"
"436","Parula_pitiayumi",846,1651,152,"Setophaga_pitiayumi","Setophaga_pitiayumi"
"437","Patagioenas_cayennensis",400,410,12,"Patagioenas_cayennensis","Patagioenas_cayennensis"
"438","Patagioenas_fasciata",2109,3342,64,"Patagioenas_fasciata","Patagioenas_fasciata"
"439","Patagioenas_plumbea",400,2184,325,"Patagioenas_plumbea","Patagioenas_plumbea"
"440","Patagioenas_subvinacea",398,1236,54,"Patagioenas_subvinacea","Patagioenas_subvinacea"
"441","Penelope_jacquacu",379,1236,74,"Penelope_jacquacu","Penelope_jacquacu"
"442","Penelope_montagnii",1676,3049,103,"Penelope_montagnii","Penelope_montagnii"
"443","Percnostola_lophotes",381,1335,151,"Percnostola_lophotes","Myrmoborus_lophotes"
"444","Phaeothlypis_fulvicauda",383,1255,36,"Myiothlypis_fulvicauda","Myiothlypis_fulvicauda"
"445","Phaethornis_guy",956,1852,231,"Phaethornis_guy","Phaethornis_guy"
"446","Phaethornis_hispidus",340,1362,91,"Phaethornis_hispidus","Phaethornis_hispidus"
"447","Phaethornis_koepckeae",381,1129,54,"Phaethornis_koepckeae","Phaethornis_koepckeae"
"448","Phaethornis_malaris",381,421,4,"Phaethornis_malaris","Phaethornis_malaris"
"449","Phaethornis_ruber",400,1141,65,"Phaethornis_ruber","Phaethornis_ruber"
"450","Phaethornis_stuarti",376,1514,15,"Phaethornis_stuarti","Phaethornis_stuarti"
"451","Phaethornis_superciliosus",381,1387,122,"Phaethornis_superciliosus","Phaethornis_superciliosus"
"452","Pharomachrus_antisianus",1239,2781,32,"Pharomachrus_antisianus","Pharomachrus_antisianus"
"453","Pharomachrus_auriceps",1450,3049,163,"Pharomachrus_auriceps","Pharomachrus_auriceps"
"454","Pharomachrus_pavoninus",402,599,12,"Pharomachrus_pavoninus","Pharomachrus_pavoninus"
"455","Pheucticus_aureoventris",1210,2521,3,"Pheucticus_aureoventris","Pheucticus_aureoventris"
"456","Pheucticus_chrysogaster",2650,2650,1,"Pheucticus_chrysogaster","Pheucticus_chrysogaster"
"457","Philydor_erythrocercum",385,1538,19,"Philydor_erythrocercum","Philydor_erythrocercum"
"458","Philydor_erythropterum",414,951,16,"Philydor_erythropterum","Dendroma_erythroptera"
"459","Philydor_pyrrhodes",381,381,1,"Philydor_pyrrhodes","Philydor_pyrrhodes"
"460","Philydor_ruficaudatum",754,1293,10,"Philydor_ruficaudatum","Anabacerthia_ruficaudata"
"461","Philydor_rufum",938,1202,4,"Philydor_rufum","Dendroma_rufa"
"462","Phlegopsis_nigromaculata",343,956,100,"Phlegopsis_nigromaculata","Phlegopsis_nigromaculata"
"463","Phlogophilus_harterti",867,1678,244,"Phlogophilus_harterti","Phlogophilus_harterti"
"464","Phyllomyias_burmeisteri",1431,1431,1,"Phyllomyias_burmeisteri","Phyllomyias_burmeisteri"
"465","Phyllomyias_cinereiceps",969,1787,15,"Phyllomyias_cinereiceps","Phyllomyias_cinereiceps"
"466","Phyllomyias_plumbeiceps",1578,1578,1,"Phyllomyias_plumbeiceps","Phyllomyias_plumbeiceps"
"467","Phyllomyias_uropygialis",2743,2743,3,"Phyllomyias_uropygialis","Phyllomyias_uropygialis"
"468","Phylloscartes_ophthalmicus",1007,2367,131,"Pogonotriccus_ophthalmicus","Phylloscartes_ophthalmicus"
"469","Phylloscartes_orbitalis",891,1198,3,"Pogonotriccus_orbitalis","Phylloscartes_orbitalis"
"470","Phylloscartes_parkeri",983,1395,18,"Phylloscartes_parkeri","Phylloscartes_parkeri"
"471","Phylloscartes_poecilotis",1397,2347,5,"Pogonotriccus_poecilotis","Phylloscartes_poecilotis"
"472","Phylloscartes_ventralis",1428,2369,20,"Phylloscartes_ventralis","Phylloscartes_ventralis"
"473","Piaya_cayana",403,1821,51,"Piaya_cayana","Piaya_cayana"
"474","Piculus_leucolaemus",846,846,1,"Piculus_leucolaemus","Piculus_leucolaemus"
"475","Picumnus_aurifrons",837,1030,2,"Picumnus_aurifrons","Picumnus_aurifrons"
"476","Picumnus_rufiventris",381,438,24,"Picumnus_rufiventris","Picumnus_rufiventris"
"477","Picumnus_subtilis",714,714,1,"Picumnus_subtilus","Picumnus_subtilis"
"478","Picumnus_subtilis",714,714,1,NA,"Picumnus_subtilus"
"479","Pionites_leucogaster",399,549,8,"Pionites_leucogaster","Pionites_leucogaster"
"480","Pionus_menstruus",400,2383,95,"Pionus_menstruus","Pionus_menstruus"
"481","Pionus_tumultuosus",1657,3032,31,"Pionus_tumultuosus","Pionus_tumultuosus"
"482","Pipile_cumanensis",425,774,5,"Pipile_cumanensis","Pipile_cumanensis"
"483","Pipra_chloromeros",375,1395,400,"Dixiphia_chloromeros","Ceratopipra_chloromeros"
"484","Pipra_fasciicauda",344,1055,412,"Pipra_fasciicauda","Pipra_fasciicauda"
"485","Pipra_rubrocapilla",400,423,2,"Pipra_rubrocapilla","Ceratopipra_rubrocapilla"
"486","Pipraeidea_melanonota",1217,2950,19,"Pipraeidea_melanonota","Pipraeidea_melanonota"
"487","Pipreola_arcuata",1821,3215,160,"Pipreola_arcuata","Pipreola_arcuata"
"488","Pipreola_frontalis",1514,1781,2,"Pipreola_frontalis","Pipreola_frontalis"
"489","Pipreola_intermedia",1449,3101,180,"Pipreola_intermedia","Pipreola_intermedia"
"490","Pipreola_pulchra",1998,1998,1,"Pipreola_pulchra","Pipreola_pulchra"
"491","Piprites_chloris",409,956,15,"Piprites_chloris","Piprites_chloris"
"492","Piranga_flava",1173,2660,4,"Piranga_flava","Piranga_flava"
"493","Piranga_leucoptera",622,1415,7,"Piranga_leucoptera","Piranga_leucoptera"
"494","Piranga_olivacea",1428,1428,1,"Piranga_olivacea","Piranga_olivacea"
"495","Pitangus_sulphuratus",378,378,1,"Pitangus_sulphuratus","Pitangus_sulphuratus"
"496","Platyrinchus_coronatus",381,1050,29,"Platyrinchus_coronatus","Platyrinchus_coronatus"
"497","Platyrinchus_mystaceus",1256,1781,36,"Platyrinchus_mystaceus","Platyrinchus_mystaceus"
"498","Platyrinchus_platyrhynchos",385,837,26,"Platyrinchus_platyrhynchos","Platyrinchus_platyrhynchos"
"499","Poecilotriccus_albifacies",381,823,4,"Poecilotriccus_albifacies","Poecilotriccus_albifacies"
"500","Poecilotriccus_latirostris",969,969,1,"Poecilotriccus_latirostris","Poecilotriccus_latirostris"
"501","Poecilotriccus_plumbeiceps",1555,2065,51,"Poecilotriccus_plumbeiceps","Poecilotriccus_plumbeiceps"
"502","Poecilotriccus_pulchellus",990,990,1,"Poecilotriccus_pulchellus","Poecilotriccus_pulchellus"
"503","Premnoplex_brunnescens",995,2728,334,"Premnoplex_brunnescens","Premnoplex_brunnescens"
"504","Premnornis_guttuligera",1702,2728,6,"Premnornis_guttuliger","Premnornis_guttuliger"
"505","Primolius_couloni",398,960,20,"Primolius_couloni","Primolius_couloni"
"506","Psarocolius_angustifrons",381,2083,314,"Psarocolius_angustifrons","Psarocolius_angustifrons"
"507","Psarocolius_atrovirens",983,2995,163,"Psarocolius_atrovirens","Psarocolius_atrovirens"
"508","Psarocolius_bifasciatus",400,1014,139,"Psarocolius_bifasciatus","Psarocolius_bifasciatus"
"509","Psarocolius_decumanus",400,1236,59,"Psarocolius_decumanus","Psarocolius_decumanus"
"510","Pseudocolaptes_boissonneautii",1716,3159,132,"Pseudocolaptes_boissonneautii","Pseudocolaptes_boissonneautii"
"511","Pseudotriccus_ruficeps",2458,3377,31,"Pseudotriccus_ruficeps","Pseudotriccus_ruficeps"
"512","Pseudotriccus_simplex",1362,3049,4,"Pseudotriccus_simplex","Pseudotriccus_simplex"
"513","Psophia_leucoptera",398,520,12,"Psophia_leucoptera","Psophia_leucoptera"
"514","Pteroglossus_azara",413,956,7,NA,"Pteroglossus_azara"
"515","Pteroglossus_beauharnaesii",385,951,46,"Pteroglossus_beauharnaisii","Pteroglossus_beauharnaisii"
"516","Pteroglossus_castanotis",407,409,3,"Pteroglossus_castanotis","Pteroglossus_castanotis"
"517","Pterophanes_cyanopterus",2964,2964,1,"Pterophanes_cyanopterus","Pterophanes_cyanopterus"
"518","Pygiptila_stellaris",395,680,54,"Pygiptila_stellaris","Pygiptila_stellaris"
"519","Pygochelidon_cyanoleuca",1193,2668,18,"Notiochelidon_cyanoleuca","Pygochelidon_cyanoleuca"
"520","Pyriglena_leuconota",956,2728,210,"Pyriglena_leuconota","Pyriglena_leuconota"
"521","Pyrilia_barrabandi",402,969,3,"Pyrilia_barrabandi","Pyrilia_barrabandi"
"522","Pyrocephalus_rubinus",387,387,1,"Pyrocephalus_rubinus","Pyrocephalus_rubinus"
"523","Pyrrhomyias_cinnamomeus",1006,3101,458,"Pyrrhomyias_cinnamomeus","Pyrrhomyias_cinnamomeus"
"524","Querula_purpurata",400,732,21,"Querula_purpurata","Querula_purpurata"
"525","Ramphastos_tucanus",385,876,99,"Ramphastos_tucanus","Ramphastos_tucanus"
"526","Ramphastos_vitellinus",392,549,14,"Ramphastos_vitellinus","Ramphastos_vitellinus"
"527","Ramphocelus_carbo",309,2891,290,"Ramphocelus_carbo","Ramphocelus_carbo"
"528","Ramphotrigon_fuscicauda",344,956,53,"Ramphotrigon_fuscicauda","Ramphotrigon_fuscicauda"
"529","Ramphotrigon_megacephalum",431,951,17,"Ramphotrigon_megacephalum","Ramphotrigon_megacephalum"
"530","Ramphotrigon_ruficauda",385,600,20,"Ramphotrigon_ruficauda","Ramphotrigon_ruficauda"
"531","Rhegmatorhina_melanosticta",385,960,48,"Rhegmatorhina_melanosticta","Rhegmatorhina_melanosticta"
"532","Rhynchocyclus_fulvipectus",1124,2728,55,"Rhynchocyclus_fulvipectus","Rhynchocyclus_fulvipectus"
"533","Rhynchocyclus_olivaceus",540,540,1,"Rhynchocyclus_olivaceus","Rhynchocyclus_olivaceus"
"534","Rhytipterna_simplex",398,878,37,"Rhytipterna_simplex","Rhytipterna_simplex"
"535","Rupicola_peruvianus",674,2591,127,"Rupicola_peruvianus","Rupicola_peruvianus"
"536","Saltator_coerulescens",387,421,4,"Saltator_coerulescens","Saltator_coerulescens"
"537","Saltator_grossus",381,2463,83,"Saltator_grossus","Saltator_grossus"
"538","Saltator_maximus",368,1724,93,"Saltator_maximus","Saltator_maximus"
"539","Sayornis_nigricans",848,1640,44,"Sayornis_nigricans","Sayornis_nigricans"
"540","Schiffornis_turdina",536,1095,43,"Schiffornis_turdina","Schiffornis_turdina"
"541","Schistes_geoffroyi",797,1954,61,"Schistes_geoffroyi","Schistes_geoffroyi"
"542","Schistocichla_brunneiceps",398,1348,27,"Schistocichla_brunneiceps","Myrmelastes_brunneiceps"
"543","Schistocichla_leucostigma",348,1316,29,"Schistocichla_leucostigma","Myrmelastes_leucostigma"
"544","Schizoeaca_helleri",2742,3414,53,"Asthenes_helleri","Asthenes_helleri"
"545","Sclateria_naevia",398,941,5,"Sclateria_naevia","Sclateria_naevia"
"546","Sclerurus_albigularis",397,410,2,"Sclerurus_albigularis","Sclerurus_albigularis"
"547","Sclerurus_caudacutus",385,600,45,"Sclerurus_caudacutus","Sclerurus_caudacutus"
"548","Sclerurus_mexicanus",394,1428,15,"Sclerurus_mexicanus","Sclerurus_obscurior"
"549","Scytalopus_atratus",1059,2065,344,"Scytalopus_atratus","Scytalopus_atratus"
"550","Scytalopus_parvirostris",2033,3414,516,"Scytalopus_parvirostris","Scytalopus_parvirostris"
"551","Scytalopus_schulenbergi",3414,3414,3,"Scytalopus_schulenbergi","Scytalopus_schulenbergi"
"552","Selenidera_reinwardtii",398,1702,48,"Selenidera_reinwardtii","Selenidera_reinwardtii"
"553","Serpophaga_cinerea",1168,1539,34,"Serpophaga_cinerea","Serpophaga_cinerea"
"554","Serpophaga_hypoleuca",1242,1242,1,"Serpophaga_hypoleuca","Serpophaga_hypoleuca"
"555","Simoxenops_ucayalae",381,1415,37,"Simoxenops_ucayalae","Syndactyla_ucayalae"
"556","Sittasomus_griseicapillus",381,734,18,"Sittasomus_griseicapillus","Sittasomus_griseicapillus"
"557","Spizaetus_isidori",1230,1230,1,"Spizaetus_isidori","Spizaetus_isidori"
"558","Sporophila_bouvronides",387,387,1,"Sporophila_bouvronides","Sporophila_bouvronides"
"559","Sporophila_caerulescens",381,387,10,"Sporophila_caerulescens","Sporophila_caerulescens"
"560","Sporophila_castaneiventris",387,1514,26,"Sporophila_castaneiventris","Sporophila_castaneiventris"
"561","Sporophila_luctuosa",387,1397,7,"Sporophila_luctuosa","Sporophila_luctuosa"
"562","Sporophila_nigricollis",1337,1387,4,"Sporophila_nigricollis","Sporophila_nigricollis"
"563","Sporophila_schistacea",387,1573,24,"Sporophila_schistacea","Sporophila_schistacea"
"564","Stelgidopteryx_ruficollis",397,1387,7,"Stelgidopteryx_ruficollis","Stelgidopteryx_ruficollis"
"565","Streptoprocne_rutila",1198,2973,55,"Streptoprocne_rutila","Streptoprocne_rutila"
"566","Streptoprocne_zonaris",410,2973,22,"Streptoprocne_zonaris","Streptoprocne_zonaris"
"567","Strix_albitarsis",2908,2908,1,"Ciccaba_albitarsis","Ciccaba_albitarsis"
"568","Sublegatus_modestus",387,387,1,"Sublegatus_modestus","Sublegatus_modestus"
"569","Synallaxis_albigularis",387,392,9,"Synallaxis_albigularis","Synallaxis_albigularis"
"570","Synallaxis_azarae",1193,3049,717,"Synallaxis_azarae","Synallaxis_azarae"
"571","Synallaxis_cabanisi",381,1573,25,"Synallaxis_cabanisi","Synallaxis_cabanisi"
"572","Synallaxis_gujanensis",381,1262,8,"Synallaxis_gujanensis","Synallaxis_gujanensis"
"573","Syndactyla_rufosuperciliata",1279,2728,65,"Syndactyla_rufosuperciliata","Syndactyla_rufosuperciliata"
"574","Tachornis_squamata",411,431,10,"Tachornis_squamata","Tachornis_squamata"
"575","Tachycineta_albiventer",387,387,1,"Tachycineta_albiventer","Tachycineta_albiventer"
"576","Tachyphonus_cristatus",419,419,1,"Tachyphonus_cristatus","Loriotus_cristatus"
"577","Tachyphonus_luctuosus",402,468,7,"Tachyphonus_luctuosus","Loriotus_luctuosus"
"578","Tachyphonus_rufiventer",397,1724,30,"Tachyphonus_rufiventer","Loriotus_rufiventer"
"579","Tangara_arthus",969,2154,118,"Tangara_arthus","Tangara_arthus"
"580","Tangara_callophrys",409,409,1,"Tangara_callophrys","Tangara_callophrys"
"581","Tangara_chilensis",398,1921,243,"Tangara_chilensis","Tangara_chilensis"
"582","Tangara_chrysotis",1293,1591,8,"Tangara_chrysotis","Tangara_chrysotis"
"583","Tangara_cyanicollis",969,1724,51,"Tangara_cyanicollis","Stilpnia_cyanicollis"
"584","Tangara_cyanotis",1283,1283,1,"Tangara_cyanotis","Tangara_cyanotis"
"585","Tangara_gyrola",407,1724,35,"Tangara_gyrola","Tangara_gyrola"
"586","Tangara_mexicana",404,1358,4,"Tangara_mexicana","Tangara_mexicana"
"587","Tangara_nigrocincta",421,421,1,"Tangara_nigrocincta","Stilpnia_nigrocincta"
"588","Tangara_nigroviridis",1336,2364,36,"Tangara_nigroviridis","Tangara_nigroviridis"
"589","Tangara_parzudakii",1293,1998,4,"Tangara_parzudakii","Tangara_parzudakii"
"590","Tangara_punctata",1024,1781,40,"Tangara_punctata","Ixothraupis_punctata"
"591","Tangara_ruficervix",1173,1852,11,"Tangara_ruficervix","Chalcothraupis_ruficervix"
"592","Tangara_schrankii",366,1041,245,"Tangara_schrankii","Tangara_schrankii"
"593","Tangara_vassorii",1702,3032,53,"Tangara_vassorii","Tangara_vassorii"
"594","Tangara_velia",409,409,1,"Tangara_velia","Tangara_velia"
"595","Tangara_xanthocephala",1230,2071,21,"Tangara_xanthocephala","Tangara_xanthocephala"
"596","Tangara_xanthogastra",397,1202,21,"Tangara_xanthogastra","Ixothraupis_xanthogastra"
"597","Taphrospilus_hypostictus",415,1449,23,"Taphrospilus_hypostictus","Taphrospilus_hypostictus"
"598","Taraba_major",381,381,5,"Taraba_major","Taraba_major"
"599","Terenotriccus_erythrurus",344,956,64,"Terenotriccus_erythrurus","Terenotriccus_erythrurus"
"600","Terenura_sharpei",934,1586,6,"Terenura_sharpei","Euchrepornis_sharpei"
"601","Tersina_viridis",398,1098,11,"Tersina_viridis","Tersina_viridis"
"602","Thalurania_furcata",381,1735,144,"Thalurania_furcata","Thalurania_furcata"
"603","Thamnistes_anabatinus",950,950,1,"Thamnistes_anabatinus","Thamnistes_anabatinus"
"604","Thamnomanes_ardesiacus",381,950,109,"Thamnomanes_ardesiacus","Thamnomanes_ardesiacus"
"605","Thamnomanes_schistogynus",381,1279,265,"Thamnomanes_schistogynus","Thamnomanes_schistogynus"
"606","Thamnophilus_aethiops",414,877,30,"Thamnophilus_aethiops","Thamnophilus_aethiops"
"607","Thamnophilus_caerulescens",1362,2728,78,"Thamnophilus_caerulescens","Thamnophilus_caerulescens"
"608","Thamnophilus_doliatus",387,1306,6,"Thamnophilus_doliatus","Thamnophilus_doliatus"
"609","Thamnophilus_palliatus",530,1655,79,"Thamnophilus_palliatus","Thamnophilus_palliatus"
"610","Thamnophilus_schistaceus",392,1306,263,"Thamnophilus_schistaceus","Thamnophilus_schistaceus"
"611","Thamnophilus_unicolor",1490,1523,3,"Thamnophilus_unicolor","Thamnophilus_unicolor"
"612","Thlypopsis_ornata",2650,2800,5,"Thlypopsis_ornata","Thlypopsis_ornata"
"613","Thlypopsis_ruficeps",1483,3396,56,"Thlypopsis_ruficeps","Thlypopsis_ruficeps"
"614","Thlypopsis_sordida",387,387,26,"Thlypopsis_sordida","Thlypopsis_sordida"
"615","Thraupis_bonariensis",2660,2816,8,"Thraupis_bonariensis","Rauenia_bonariensis"
"616","Thraupis_cyanocephala",1335,3032,244,"Thraupis_cyanocephala","Sporathraupis_cyanocephala"
"617","Thraupis_episcopus",387,1490,35,"Thraupis_episcopus","Thraupis_episcopus"
"618","Thraupis_palmarum",404,1724,10,"Thraupis_palmarum","Thraupis_palmarum"
"619","Threnetes_leucurus",375,1202,137,"Threnetes_leucurus","Threnetes_leucurus"
"620","Thripadectes_holostictus",1307,2349,63,"Thripadectes_holostictus","Thripadectes_holostictus"
"621","Thripadectes_melanorhynchus",956,1655,214,"Thripadectes_melanorhynchus","Thripadectes_melanorhynchus"
"622","Thripadectes_scrutator",2065,2650,9,"Thripadectes_scrutator","Thripadectes_scrutator"
"623","Thripophaga_fusciceps",409,409,1,"Thripophaga_fusciceps","Thripophaga_fusciceps"
"624","Thryothorus_genibarbis",395,1758,163,"Pheugopedius_genibarbis","Pheugopedius_genibarbis"
"625","Tinamus_guttatus",398,1013,72,"Tinamus_guttatus","Tinamus_guttatus"
"626","Tinamus_major",398,599,21,"Tinamus_major","Tinamus_major"
"627","Tinamus_osgoodi",983,1716,64,"Tinamus_osgoodi","Tinamus_osgoodi"
"628","Tinamus_tao",414,1075,50,"Tinamus_tao","Tinamus_tao"
"629","Tityra_semifasciata",402,1310,4,"Tityra_semifasciata","Tityra_semifasciata"
"630","Todirostrum_chrysocrotaphum",404,441,2,"Todirostrum_chrysocrotaphum","Todirostrum_chrysocrotaphum"
"631","Todirostrum_maculatum",387,387,1,"Todirostrum_maculatum","Todirostrum_maculatum"
"632","Tolmomyias_assimilis",411,1224,21,"Tolmomyias_assimilis","Tolmomyias_assimilis"
"633","Tolmomyias_flaviventris",381,1324,20,"Tolmomyias_flaviventris","Tolmomyias_flaviventris"
"634","Tolmomyias_poliocephalus",402,634,7,"Tolmomyias_poliocephalus","Tolmomyias_poliocephalus"
"635","Tolmomyias_sulphurescens",1302,1366,5,"Tolmomyias_sulphurescens","Tolmomyias_sulphurescens"
"636","Touit_huetii",400,1084,6,"Touit_huetii","Touit_huetii"
"637","Trichothraupis_melanops",950,1852,141,"Trichothraupis_melanops","Trichothraupis_melanops"
"638","Troglodytes_aedon",387,3074,65,"Troglodytes_aedon","Troglodytes_aedon"
"639","Troglodytes_solstitialis",1884,3235,263,"Troglodytes_solstitialis","Troglodytes_solstitialis"
"640","Trogon_collaris",362,1489,93,"Trogon_collaris","Trogon_collaris"
"641","Trogon_curucui",307,1115,26,"Trogon_curucui","Trogon_curucui"
"642","Trogon_melanurus",398,878,131,"Trogon_melanurus","Trogon_melanurus"
"643","Trogon_personatus",1298,3049,306,"Trogon_personatus","Trogon_personatus"
"644","Trogon_violaceus",395,1090,29,"Trogon_violaceus","Trogon_violaceus"
"645","Trogon_viridis",403,878,24,"Trogon_viridis","Trogon_viridis"
"646","Turdus_albicollis",316,600,104,"Turdus_albicollis","Turdus_albicollis"
"647","Turdus_amaurochalinus",381,381,1,"Turdus_amaurochalinus","Turdus_amaurochalinus"
"648","Turdus_chiguanco",1954,3013,27,"Turdus_chiguanco","Turdus_chiguanco"
"649","Turdus_fuscater",2335,3414,164,"Turdus_fuscater","Turdus_fuscater"
"650","Turdus_hauxwelli",381,1573,91,"Turdus_hauxwelli","Turdus_hauxwelli"
"651","Turdus_ignobilis",381,1678,79,"Turdus_ignobilis","Turdus_ignobilis"
"652","Turdus_lawrencii",397,438,26,"Turdus_lawrencii","Turdus_lawrencii"
"653","Turdus_leucops",1124,1950,34,"Turdus_leucops","Turdus_leucops"
"654","Turdus_nigriceps",837,1884,38,"Turdus_nigriceps","Turdus_nigriceps"
"655","Turdus_serranus",1362,3342,228,"Turdus_serranus","Turdus_serranus"
"656","Tyranneutes_stolzmanni",381,866,76,"Tyranneutes_stolzmanni","Tyranneutes_stolzmanni"
"657","Tyrannus_albogularis",387,387,2,"Tyrannus_albogularis","Tyrannus_albogularis"
"658","Tyrannus_melancholicus",387,2723,72,"Tyrannus_melancholicus","Tyrannus_melancholicus"
"659","Tyrannus_tyrannus",387,387,4,"Tyrannus_tyrannus","Tyrannus_tyrannus"
"660","Uropsalis_lyra",1351,2059,6,"Uropsalis_lyra","Uropsalis_lyra"
"661","Uropsalis_segmentata",2542,3080,12,"Uropsalis_segmentata","Uropsalis_segmentata"
"662","Veniliornis_affinis",415,415,1,"Veniliornis_affinis","Dryobates_affinis"
"663","Veniliornis_nigriceps",2527,2964,8,"Veniliornis_nigriceps","Dryobates_nigriceps"
"664","Veniliornis_passerinus",381,421,4,"Veniliornis_passerinus","Dryobates_passerinus"
"665","Vireo_flavoviridis",381,397,2,"Vireo_flavoviridis","Vireo_flavoviridis"
"666","Vireo_leucophrys",402,2576,25,"Vireo_leucophrys","Vireo_leucophrys"
"667","Vireo_olivaceus",407,1024,7,"Vireo_olivaceus","Vireo_olivaceus"
"668","Vireolanius_leucotis",417,1110,11,"Vireolanius_leucotis","Vireolanius_leucotis"
"669","Willisornis_poecilinotus",385,837,97,"Willisornis_poecilinotus","Willisornis_poecilinotus"
"670","Xenopipo_holochlora",385,853,53,"Xenopipo_holochlora","Cryptopipo_holochlora"
"671","Xenopipo_unicolor",1514,1724,2,"Xenopipo_unicolor","Chloropipo_unicolor"
"672","Xenops_minutus",385,1320,84,"Xenops_minutus","Xenops_minutus"
"673","Xenops_rutilans",404,1302,16,"Xenops_rutilans","Xenops_rutilans"
"674","Xenops_tenuirostris",397,648,9,"Xenops_tenuirostris","Xenops_tenuirostris"
"675","Xiphocolaptes_promeropirhynchus",397,3049,90,"Xiphocolaptes_promeropirhynchus","Xiphocolaptes_promeropirhynchus"
"676","Xiphorhynchus_elegans",381,1099,194,"Xiphorhynchus_elegans","Xiphorhynchus_elegans"
"677","Xiphorhynchus_guttatus",381,1129,197,"Xiphorhynchus_guttatus","Xiphorhynchus_guttatus"
"678","Xiphorhynchus_obsoletus",853,853,4,"Xiphorhynchus_obsoletus","Xiphorhynchus_obsoletus"
"679","Xiphorhynchus_ocellatus",381,1780,23,"Xiphorhynchus_ocellatus","Xiphorhynchus_ocellatus"
"680","Xiphorhynchus_triangularis",1050,2728,174,"Xiphorhynchus_triangularis","Xiphorhynchus_triangularis"
"681","Zimmerius_bolivianus",1095,2901,193,"Zimmerius_bolivianus","Zimmerius_bolivianus"
"682","Zimmerius_cinereicapilla",1006,1006,2,"Zimmerius_cinereicapilla","Zimmerius_cinereicapilla"
"683","Zonotrichia_capensis",2816,3336,28,"Zonotrichia_capensis","Zonotrichia_capensis"
"684",NA,403,403,1,"Pyrrhyra_roseifrons","Pyrrhura_roseifrons"
