"","species_jetz","species_clean","species_binomial","family","sociality","mass_tidy","elevation_cat","foraging_cat","ectoparasites_presence","sample_size","elevation_midpoint","proportion_ectoparasites"
"1","Chamaeza_mollissima","Chamaeza mollissima","Chamaeza_mollissima","Formicariidae",0,72.6175,"high_montane_manu","ground",1,1,2585,1
"2","Pipreola_intermedia","Pipreola intermedia","Pipreola_intermedia","Cotingidae",1,48.25075,"high_montane_manu","undersory-midhigh",16,19,2648,0.842105263157895
"3","Pipreola_arcuata","Pipreola arcuata","Pipreola_arcuata","Cotingidae",0,101.4315,"high_montane_manu","undersory-midhigh",5,8,2750,0.625
"4","Rhynchocyclus_fulvipectus","Rhynchocyclus fulvipectus","Rhynchocyclus_fulvipectus","Tyrannidae",1,24.23724138,"high_montane_manu","understory",4,6,1365,0.666666666666667
"5","Chlorornis_riefferii","Chlorornis riefferii","Chlorornis_riefferii","Thraupidae",1,48.93459016,"high_montane_manu","midhigh",14,14,2728,1
"6","Anisognathus_igniventris","Anisognathus igniventris","Anisognathus_igniventris","Thraupidae",1,34.8345,"high_montane_manu","midhigh",10,14,2932,0.714285714285714
"7","Iridosornis_jelskii","Iridosornis jelskii","Iridosornis_jelskii","Thraupidae",1,20.34714286,"high_montane_manu","understory",15,18,2859,0.833333333333333
"8","Arremon_torquatus","Arremon torquatus","Arremon_torquatus","Emberizidae",1,42.28636364,"high_montane_manu","undersory-midhigh",11,13,2742,0.846153846153846
"9","Hemispingus_atropileus","Kleinothraupis atropileus","Kleinothraupis_atropileus","Thraupidae",1,20.552,"high_montane_manu","understory",22,28,2742,0.785714285714286
"10","Myioborus_melanocephalus","Myioborus melanocephalus","Myioborus_melanocephalus","Parulidae",1,11.53984848,"high_montane_manu","canopy",9,12,2578,0.75
"11","Mecocerculus_stictopterus","Mecocerculus stictopterus","Mecocerculus_stictopterus","Tyrannidae",1,10.18833333,"high_montane_manu","midhigh-canopy",1,1,2739,1
"12","Pyrrhomyias_cinnamomeus","Pyrrhomyias cinnamomeus","Pyrrhomyias_cinnamomeus","Tyrannidae",1,11.10103448,"high_montane_manu","understory",3,3,2324,1
"13","Buthraupis_montana","Buthraupis montana","Buthraupis_montana","Thraupidae",1,89.22766667,"high_montane_manu","midhigh",3,4,2784,0.75
"14","Hemispingus_melanotis","Sphenopsis melanotis","Sphenopsis_melanotis","Thraupidae",1,18.04464286,"high_montane_manu","understory",7,10,1515,0.7
"15","Thraupis_cyanocephala","Sporathraupis cyanocephala","Sporathraupis _cyanocephala","Thraupidae",1,38.99776119,"high_montane_manu","canopy",10,12,2742.5,0.833333333333333
"16","Dubusia_taeniata","Dubusia taeniata","Dubusia_taeniata","Thraupidae",0,38.46333333,"high_montane_manu","understory",1,1,2734,1
"17","Haplospiza_rustica","Haplospiza rustica","Haplospiza_rustica","Emberizidae",0,16.3045,"high_montane_manu","ground",5,5,2391,1
"18","Formicarius_analis","Formicarius analis","Formicarius_analis","Formicariidae",0,57.04347826,"lowland_manu","ground",5,7,430,0.714285714285714
"19","Formicarius_rufipectus","Formicarius rufipectus","Formicarius_rufipectus","Formicariidae",0,63.83571429,"lowland_manu","ground",1,1,1431,1
"20","Myrmotherula_hauxwelli","Isleria hauxwelli","Isleria_hauxwelli","Thamnophilidae",1,11.27941606,"lowland_manu","other",10,21,415,0.476190476190476
"21","Thamnomanes_ardesiacus","Thamnomanes ardesiacus","Thamnomanes_ardesiacus","Thamnophilidae",1,18.58714286,"lowland_manu","midhigh",7,13,421,0.538461538461538
"22","Myrmotherula_axillaris","Myrmotherula axillaris","Myrmotherula_axillaris","Thamnophilidae",1,8.457105263,"lowland_manu","midhigh",12,20,415,0.6
"23","Hylophilus_ochraceiceps","Tunchiornis ochraceiceps","Hylophilus_ochraceiceps","Vireonidae",1,11.72933333,"lowland_manu","understory",1,6,892,0.166666666666667
"24","Thamnomanes_schistogynus","Thamnomanes schistogynus","Thamnomanes_schistogynus","Thamnophilidae",1,17.905,"lowland_manu","midhigh",10,12,430,0.833333333333333
"25","Corythopis_torquatus","Corythopis torquatus","Corythopis_torquatus","Tyrannidae",0,17.01754717,"lowland_manu","ground",9,14,419,0.642857142857143
"26","Willisornis_poecilinotus","Willisornis poecilinotus","Willisornis_poecilinotus","Thamnophilidae",0,18.39630137,"lowland_manu","ground",15,26,419,0.576923076923077
"27","Sclerurus_caudacutus","Sclerurus caudacutus","Sclerurus_caudacutus","Furnariidae",0,37.54095238,"lowland_manu","ground",8,9,413,0.888888888888889
"28","Microcerculus_marginatus","Microcerculus marginatus","Microcerculus_marginatus","Troglodytidae",0,18.81613333,"lowland_manu","ground-understory",10,12,754,0.833333333333333
"29","Lanio_versicolor","Lanio versicolor","Lanio_versicolor","Thraupidae",1,19.76205128,"lowland_manu","canopy",5,5,438,1
"30","Monasa_morphoeus","Monasa morphoeus","Monasa_morphoeus","Bucconidae",1,73.41272727,"lowland_manu","ground-midhigh",0,3,417,0
"31","Lepidothrix_coronata","Lepidothrix coronata","Lepidothrix_coronata","Pipridae",1,9.769768786,"lowland_manu","undersory-midhigh",14,16,417.5,0.875
"32","Malacoptila_semicincta","Malacoptila semicincta","Malacoptila_semicincta","Bucconidae",0,45.21722222,"lowland_manu","ground-midhigh",1,5,494.5,0.2
"33","Pipra_chloromeros","Ceratopipra chloromeros","Ceratopipra _chloromeros","Pipridae",1,16.72324324,"lowland_manu","undersory-midhigh",78,102,416,0.764705882352941
"34","Monasa_nigrifrons","Monasa nigrifrons","Monasa_nigrifrons","Bucconidae",1,80.46733333,"lowland_manu","other",0,2,409,0
"35","Rupicola_peruvianus","Rupicola peruvianus","Rupicola_peruvianus","Cotingidae",0,207.3219231,"lowland_manu","ground-midhigh",8,8,1362,1
"36","Galbula_cyanescens","Galbula cyanescens","Galbula_cyanescens","Galbulidae",1,24.96074074,"lowland_manu","midhigh",1,2,486.5,0.5
"37","Schiffornis_turdina","Schiffornis turdina","Schiffornis_turdina","Cotingidae",0,30.18625,"lowland_manu","understory",5,9,876,0.555555555555556
"38","Chlorothraupis_carmioli","Chlorothraupis carmioli","Chlorothraupis_carmioli","Cardinalidae",1,37.5053125,"lowland_manu","other",6,6,600,1
"39","Myiobius_barbatus","Myiobius barbatus","Myiobius_barbatus","Tyrannidae",1,12.84714286,"lowland_manu","midhigh",4,5,424,0.8
"40","Glyphorynchus_spirurus","Glyphorynchus spirurus","Glyphorynchus_spirurus","Dendrocolaptidae",1,15.41370221,"lowland_manu","canopy",7,8,421,0.875
"41","Platyrinchus_platyrhynchos","Platyrinchus platyrhynchos","Platyrinchus_platyrhynchos","Tyrannidae",0,12.27526316,"lowland_manu","midhigh",0,6,421.5,0
"42","Hylophylax_naevius","Hylophylax naevius","Hylophylax_naevius","Thamnophilidae",0,13.63936508,"lowland_manu","understory",10,10,850,1
"43","Mionectes_olivaceus","Mionectes olivaceus","Mionectes_olivaceus","Tyrannidae",1,14.85200461,"lowland_manu","understory",19,23,1262,0.826086956521739
"44","Leptopogon_amaurocephalus","Leptopogon amaurocephalus","Leptopogon_amaurocephalus","Tyrannidae",1,11.67782609,"lowland_manu","undersory-midhigh",15,17,417,0.882352941176471
"45","Pipra_fasciicauda","Pipra fasciicauda","Pipra_fasciicauda","Pipridae",1,16.82485876,"lowland_manu","undersory-midhigh",23,25,413,0.92
"46","Habia_rubica","Habia rubica","Habia_rubica","Cardinalidae",1,33.58774194,"lowland_manu","midhigh",11,12,413,0.916666666666667
"47","Momotus_momota","Momotus momota","Momotus_momota","Momotidae",0,110.3235714,"lowland_manu","ground-midhigh",2,2,429,1
"48","Myrmotherula_longipennis","Myrmotherula longipennis","Myrmotherula_longipennis","Thamnophilidae",1,9.109375,"lowland_manu","undersory-midhigh",2,4,418.5,0.5
"49","Mionectes_macconnelli","Mionectes macconnelli","Mionectes_macconnelli","Tyrannidae",1,12.63060606,"lowland_manu","midhigh",14,14,414,1
"50","Geotrygon_montana","Geotrygon montana","Geotrygon_montana","Columbidae",0,114.4062791,"lowland_manu","ground",4,5,426,0.8
"51","Psarocolius_angustifrons","Psarocolius angustifrons","Psarocolius_angustifrons","Icteridae",0,168.4071429,"lowland_manu","canopy",1,1,537,1
"52","Myrmoborus_leucophrys","Myrmoborus leucophrys","Myrmoborus_leucophrys","Thamnophilidae",1,19.82189189,"lowland_manu","ground",0,1,889,0
"53","Terenotriccus_erythrurus","Terenotriccus erythrurus","Terenotriccus_erythrurus","Tyrannidae",1,7.369767442,"lowland_manu","midhigh",6,7,413,0.857142857142857
"54","Ramphotrigon_fuscicauda","Ramphotrigon fuscicauda","Ramphotrigon_fuscicauda","Tyrannidae",1,18.96923077,"lowland_manu","undersory-midhigh",3,3,431,1
"55","Myrmoborus_myotherinus","Myrmoborus myotherinus","Myrmoborus_myotherinus","Thamnophilidae",1,20.73168831,"lowland_manu","ground-understory",4,5,426,0.8
"56","Laniocera_hypopyrra","Laniocera hypopyrra","Laniocera_hypopyrra","Cotingidae",0,48.87571429,"lowland_manu","undersory-midhigh",3,3,416,1
"57","Automolus_ochrolaemus","Automolus ochrolaemus","Automolus_ochrolaemus","Furnariidae",1,34.96803922,"lowland_manu","understory",8,10,680,0.8
"58","Xenops_tenuirostris","Xenops tenuirostris","Xenops_tenuirostris","Furnariidae",1,9.2,"lowland_manu","canopy",0,1,430,0
"59","Tangara_schrankii","Tangara schrankii","Tangara_schrankii","Thraupidae",1,19.85320755,"lowland_manu","midhigh",3,6,421,0.5
"60","Turdus_albicollis","Turdus albicollis","Turdus_albicollis","Turdidae",0,50.02123288,"lowland_manu","ground",3,3,411.5,1
"61","Pteroglossus_azara","Pteroglossus azara","Pteroglossus_azara","Ramphastidae",0,136.565,"lowland_manu","canopy",2,2,714,1
"62","Synallaxis_cabanisi","Synallaxis cabanisi","Synallaxis_cabanisi","Furnariidae",0,18.982,"lowland_manu","understory",1,1,1084,1
"63","Mionectes_oleagineus","Mionectes oleagineus","Mionectes_oleagineus","Tyrannidae",1,11.49915698,"lowland_manu","undersory-midhigh",14,15,421,0.933333333333333
"64","Gymnopithys_salvini","Oneillornis salvini","Oneillornis_salvini","Thamnophilidae",0,25.86508475,"lowland_manu","ground",16,19,415,0.842105263157895
"65","Pteroglossus_beauharnaesii","Pteroglossus beauharnaisii","Pteroglossus_beauharnaisii","Ramphastidae",0,202.1216667,"lowland_manu","canopy",2,2,426,1
"66","Platyrinchus_coronatus","Platyrinchus coronatus","Platyrinchus_coronatus","Tyrannidae",0,9.838095238,"lowland_manu","understory",0,2,413,0
"67","Euphonia_xanthogaster","Euphonia xanthogaster","Euphonia_xanthogaster","Thraupidae",1,13.62148594,"lowland_manu","midhigh",1,1,1337,1
"68","Philydor_erythropterum","Dendroma erythroptera","Dendroma_erythroptera","Furnariidae",1,30,"lowland_manu","midhigh-canopy",0,1,430,0
"69","Xenops_minutus","Xenops minutus","Xenops_minutus","Furnariidae",1,12.16725806,"lowland_manu","undersory-midhigh",4,5,414,0.8
"70","Catharus_ustulatus","Catharus ustulatus","Catharus_ustulatus","Turdidae",0,27.51957672,"lowland_manu","ground-understory",3,3,1307,1
"71","Thamnophilus_schistaceus","Thamnophilus schistaceus","Thamnophilus_schistaceus","Thamnophilidae",1,21.191,"lowland_manu","midhigh",10,13,439,0.769230769230769
"72","Epinecrophylla_leucophthalma","Epinecrophylla leucophthalma","Epinecrophylla_leucophthalma","Thamnophilidae",1,10.10645161,"lowland_manu","understory",1,2,415,0.5
"73","Arremon_taciturnus","Arremon taciturnus","Arremon_taciturnus","Emberizidae",1,27.7755,"lowland_manu","ground-understory",14,17,429,0.823529411764706
"74","Campylopterus_largipennis","Campylopterus largipennis","Campylopterus_largipennis","Trochilidae",0,8.337727273,"lowland_manu","midhigh",1,1,457,1
"75","Hyloctistes_subulatus","Automolus subulatus","Automolus_subulatus","Furnariidae",1,28.85,"lowland_manu","undersory-midhigh",0,1,419,0
"76","Neoctantes_niger","Neoctantes niger","Neoctantes_niger","Thamnophilidae",0,35.6,"lowland_manu","midhigh",0,1,414,0
"77","Epinecrophylla_erythrura","Epinecrophylla erythrura","Epinecrophylla_erythrura","Thamnophilidae",1,10.562,"lowland_manu","midhigh",1,1,424,1
"78","Cyanocompsa_cyanoides","Cyanoloxia cyanoides","Cyanoloxia_cyanoides","Cardinalidae",1,26.23404255,"lowland_manu","ground",6,7,423.5,0.857142857142857
"79","Trogon_violaceus","Trogon violaceus","Trogon_violaceus","Trogonidae",1,46.18,"lowland_manu","understory",0,1,583,0
"80","Saltator_maximus","Saltator maximus","Saltator_maximus","Cardinalidae",1,45.26047619,"lowland_manu","other",1,1,989,1
"81","Phlegopsis_nigromaculata","Phlegopsis nigromaculata","Phlegopsis_nigromaculata","Thamnophilidae",0,48.78089286,"lowland_manu","ground",4,5,413,0.8
"82","Automolus_melanopezus","Automolus melanopezus","Automolus_melanopezus","Furnariidae",1,31.118,"lowland_manu","understory",1,1,413,1
"83","Simoxenops_ucayalae","Syndactyla ucayalae","Syndactyla _ucayalae","Furnariidae",1,52.21692308,"lowland_manu","understory",1,1,717,1
"84","Myrmeciza_goeldii","Akletos goeldii","Percnostola_goeldii","Thamnophilidae",1,44.03666667,"lowland_manu","ground-understory",24,24,438,1
"85","Cyphorhinus_arada","Cyphorhinus arada","Cyphorhinus_arada","Troglodytidae",0,26.05117647,"lowland_manu","ground-understory",1,1,404,1
"86","Ramphastos_tucanus","Ramphastos tucanus","Ramphastos_tucanus","Ramphastidae",0,377.88,"lowland_manu","canopy",1,1,425,1
"87","Anabazenops_dorsalis","Anabazenops dorsalis","Anabazenops_dorsalis","Furnariidae",1,34.91,"lowland_manu","midhigh",1,1,827.5,1
"88","Philydor_rufum","Dendroma rufa","Dendroma_rufa","Furnariidae",0,22.25,"lowland_manu","canopy",1,1,1068,1
"89","Deconychura_longicauda","Deconychura longicauda","Deconychura_longicauda","Dendrocolaptidae",1,30.6912,"lowland_manu","midhigh",3,5,439,0.6
"90","Piprites_chloris","Piprites chloris","Piprites_chloris","Pipridae",0,18.9,"lowland_manu","canopy",1,1,426,1
"91","Automolus_infuscatus","Automolus infuscatus","Automolus_infuscatus","Furnariidae",1,39.19135135,"lowland_manu","understory",1,1,419,1
"92","Conopophaga_peruviana","Conopophaga peruviana","Conopophaga_peruviana","Conopophagidae",1,24.6675,"lowland_manu","ground",1,1,415.5,1
"93","Dichrozona_cincta","Dichrozona cincta","Dichrozona_cincta","Thamnophilidae",0,14.8,"lowland_manu","ground",1,1,417,1
"94","Percnostola_lophotes","Myrmoborus lophotes","Myrmoborus_lophotes","Thamnophilidae",1,30.48875,"lowland_manu","ground-understory",6,6,670,1
"95","Myrmeciza_hemimelaena","Sciaphylax hemimelaena","Sciaphylax_hemimelaena","Thamnophilidae",0,16.58849057,"lowland_manu","ground-understory",3,4,818,0.75
"96","Rhytipterna_simplex","Rhytipterna simplex","Rhytipterna_simplex","Tyrannidae",0,39.808,"lowland_manu","undersory-midhigh",3,3,526,1
"97","Myrmotherula_menetriesii","Myrmotherula menetriesii","Myrmotherula_menetriesii","Thamnophilidae",1,9.046,"lowland_manu","midhigh",2,2,423.5,1
"98","Xiphorhynchus_elegans","Xiphorhynchus elegans","Xiphorhynchus_elegans","Dendrocolaptidae",1,38.50835294,"lowland_manu","midhigh",2,3,421,0.666666666666667
"99","Phaethornis_koepckeae","Phaethornis koepckeae","Phaethornis_koepckeae","Trochilidae",0,5.275526316,"lowland_manu","understory",1,1,418,1
"100","Myrmeciza_fortis","Hafferia fortis","Percnostola_fortis","Thamnophilidae",1,48.60083333,"lowland_manu","ground",1,1,422.5,1
"101","Rhegmatorhina_melanosticta","Rhegmatorhina melanosticta","Rhegmatorhina_melanosticta","Thamnophilidae",0,32.28411765,"lowland_manu","ground",5,5,600,1
"102","Thalurania_furcata","Thalurania furcata","Thalurania_furcata","Trochilidae",0,4.515660377,"lowland_manu","other",1,1,420,1
"103","Ancistrops_strigilatus","Ancistrops strigilatus","Ancistrops_strigilatus","Furnariidae",1,33.46333333,"lowland_manu","ground-understory",2,2,476.5,1
"104","Mionectes_striaticollis","Mionectes striaticollis","Mionectes_striaticollis","Tyrannidae",1,14.66976498,"lowland_manu","midhigh",1,1,1573,1
"105","Malacoptila_fulvogularis","Malacoptila fulvogularis","Malacoptila_fulvogularis","Bucconidae",1,48.74470588,"montane_manu","undersory-midhigh",4,7,1395,0.571428571428571
"106","Micromonacha_lanceolata","Micromonacha lanceolata","Micromonacha_lanceolata","Bucconidae",0,23.34,"montane_manu","ground-midhigh",0,1,1113.5,0
"107","Chlorospingus_flavigularis","Chlorospingus flavigularis","Chlorospingus_flavigularis","Thraupidae",1,25.95577586,"montane_manu","understory",15,16,1362,0.9375
"108","Tangara_arthus","Tangara arthus","Tangara_arthus","Thraupidae",1,21.19101695,"montane_manu","midhigh",10,10,1308.5,1
"109","Leptopogon_superciliaris","Leptopogon superciliaris","Leptopogon_superciliaris","Tyrannidae",1,13.20830645,"montane_manu","midhigh",8,8,1387,1
"110","Premnoplex_brunnescens","Premnoplex brunnescens","Premnoplex_brunnescens","Furnariidae",1,15.77809045,"montane_manu","understory",27,28,1366,0.964285714285714
"111","Myioborus_miniatus","Myioborus miniatus","Myioborus_miniatus","Parulidae",1,9.782295082,"montane_manu","midhigh",5,5,1404,1
"112","Basileuterus_tristriatus","Basileuterus tristriatus","Basileuterus_tristriatus","Parulidae",1,12.9,"montane_manu","understory",11,11,1459,1
"113","Chlorospingus_ophthalmicus","Chlorospingus flavopectus","Chlorospingus_opthalmicus","Thraupidae",1,21.97914286,"montane_manu","other",4,5,1821,0.8
"114","Eutoxeres_condamini","Eutoxeres condamini","Eutoxeres_condamini","Trochilidae",0,9.882727273,"montane_manu","understory",1,1,1309,1
"115","Anabacerthia_striaticollis","Anabacerthia striaticollis","Anabacerthia_striaticollis","Furnariidae",1,24.58886525,"montane_manu","midhigh",5,8,1397,0.625
"116","Phylloscartes_ophthalmicus","Phylloscartes ophthalmicus","Pogonotriccus_opthalmicus","Tyrannidae",1,9.276296296,"montane_manu","midhigh",6,6,1371,1
"117","Chlorochrysa_calliparaea","Chlorochrysa calliparaea","Chlorochrysa_calliparaea","Thraupidae",1,17.34217391,"montane_manu","midhigh-canopy",3,3,1387,1
"118","Chiroxiphia_boliviana","Chiroxiphia boliviana","Chiroxiphia_boliviana","Pipridae",1,17.23620087,"montane_manu","undersory-midhigh",1,1,1449,1
"119","Myrmotherula_schisticolor","Myrmotherula schisticolor","Myrmotherula_schisticolor","Thamnophilidae",1,9.628441558,"montane_manu","midhigh",3,3,1487,1
"120","Basileuterus_coronatus","Myiothlypis coronata","Myiothlypis_coronata","Parulidae",1,16.03027273,"montane_manu","understory",10,12,1541,0.833333333333333
"121","Cyphorhinus_thoracicus","Cyphorhinus thoracicus","Cyphorhinus_thoracicus","Troglodytidae",0,32.136625,"montane_manu","ground",13,13,1348,1
"122","Trichothraupis_melanops","Trichothraupis melanops","Trichothraupis_melanops","Thraupidae",1,24.68761468,"montane_manu","other",8,8,1387,1
"123","Thripadectes_melanorhynchus","Thripadectes melanorhynchus","Thripadectes_melanorhynchus","Furnariidae",1,45.98929688,"montane_manu","understory",12,14,1337,0.857142857142857
"124","Basileuterus_bivittatus","Myiothlypis bivittata","Myiothlypis_bivittata","Parulidae",1,15.17214286,"montane_manu","midhigh",9,11,1217,0.818181818181818
"125","Lophotriccus_pileatus","Lophotriccus pileatus","Lophotriccus_pileatus","Tyrannidae",0,8.351454545,"montane_manu","midhigh",3,4,1384.5,0.75
"126","Myrmotherula_longicauda","Myrmotherula longicauda","Myrmotherula_longicauda","Thamnophilidae",1,8.21,"montane_manu","midhigh",1,2,1210,0.5
"127","Sporophila_nigricollis","Sporophila nigricollis","Sporophila_nigricollis","Emberizidae",0,11.3925,"montane_manu","understory",2,3,1337,0.666666666666667
"128","Diglossa_glauca","Diglossa glauca","Diglossa_glauca","Thraupidae",1,12.82984848,"montane_manu","midhigh",1,1,1758,1
"129","Ammodramus_aurifrons","Ammodramus aurifrons","Ammodramus_aurifrons","Emberizidae",0,17.815,"montane_manu","ground",1,2,387,0.5
"130","Xiphorhynchus_triangularis","Xiphorhynchus triangularis","Xiphorhynchus_triangularis","Dendrocolaptidae",1,43.98926829,"montane_manu","midhigh",0,1,1501,0
"131","Cyanerpes_caeruleus","Cyanerpes caeruleus","Cyanerpes_caeruleus","Thraupidae",1,12.668,"montane_manu","canopy",1,2,1124,0.5
"132","Anisognathus_somptuosus","Anisognathus somptuosus","Anisognathus_somptuosus","Thraupidae",1,38.233,"montane_manu","midhigh",1,2,1950,0.5
"133","Iridosornis_analis","Iridosornis analis","Iridosornis_analis","Thraupidae",1,27.53977273,"montane_manu","understory",2,2,1541,1
