"","species_taxonomy_SACC_2021","species_jetz","family","sample_size"
"1","Malacoptila_fulvogularis","Malacoptila_fulvogularis","Bucconidae",7
"2","Malacoptila_semicincta","Malacoptila_semicincta","Bucconidae",4
"3","Micromonacha_lanceolata","Micromonacha_lanceolata","Bucconidae",1
"4","Monasa_morphoeus","Monasa_morphoeus","Bucconidae",3
"5","Monasa_nigrifrons","Monasa_nigrifrons","Bucconidae",3
"6","Chlorothraupis_carmioli","Chlorothraupis_carmioli","Cardinalidae",6
"7","Cyanoloxia_cyanoides","Cyanocompsa_cyanoides","Cardinalidae",6
"8","Habia_rubica","Habia_rubica","Cardinalidae",10
"9","Saltator_maximus","Saltator_maximus","Cardinalidae",1
"10","Turdus_albicollis","Habia_rubica","Cardinalidae",1
"11","Geotrygon_montana","Geotrygon_montana","Columbidae",5
"12","Conopophaga_peruviana","Conopophaga_peruviana","Conopophagidae",1
"13","Laniocera_hypopyrra","Laniocera_hypopyrra","Cotingidae",3
"14","Pipreola_arcuata","Pipreola_arcuata","Cotingidae",8
"15","Pipreola_intermedia","Pipreola_intermedia","Cotingidae",16
"16","Rupicola_peruvianus","Rupicola_peruvianus","Cotingidae",7
"17","Schiffornis_turdina","Schiffornis_turdina","Cotingidae",9
"18","Deconychura_longicauda","Deconychura_longicauda","Dendrocolaptidae",5
"19","Glyphorynchus_spirurus","Glyphorynchus_spirurus","Dendrocolaptidae",8
"20","Xiphorhynchus_elegans","Xiphorhynchus_elegans","Dendrocolaptidae",1
"21","Xiphorhynchus_triangularis","Xiphorhynchus_triangularis","Dendrocolaptidae",1
"22","Ammodramus_aurifrons","Ammodramus_aurifrons","Emberizidae",2
"23","Arremon_taciturnus","Arremon_taciturnus","Emberizidae",15
"24","Arremon_torquatus","Arremon_torquatus","Emberizidae",10
"25","Atlapetes_melanolaemus","Arremon_torquatus","Emberizidae",1
"26","Haplospiza_rustica","Haplospiza_rustica","Emberizidae",5
"27","Sporophila_nigricollis","Sporophila_nigricollis","Emberizidae",3
"28","Chamaeza_mollissima","Chamaeza_mollissima","Formicariidae",1
"29","Formicarius_analis","Formicarius_analis","Formicariidae",5
"30","Anabacerthia_striaticollis","Anabacerthia_striaticollis","Furnariidae",8
"31","Anabazenops_dorsalis","Anabazenops_dorsalis","Furnariidae",1
"32","Ancistrops_strigilatus","Ancistrops_strigilatus","Furnariidae",2
"33","Automolus_infuscatus","Automolus_infuscatus","Furnariidae",1
"34","Automolus_melanopezus","Automolus_melanopezus","Furnariidae",1
"35","Automolus_ochrolaemus","Automolus_ochrolaemus","Furnariidae",9
"36","Automolus_subulatus","Hyloctistes_subulatus","Furnariidae",1
"37","Dendroma_erythroptera","Philydor_erythropterum","Furnariidae",1
"38","Dendroma_rufa","Philydor_rufum","Furnariidae",1
"39","Premnoplex_brunnescens","Premnoplex_brunnescens","Furnariidae",28
"40","Sclerurus_caudacutus","Sclerurus_caudacutus","Furnariidae",8
"41","Synallaxis_cabanisi","Synallaxis_cabanisi","Furnariidae",1
"42","Syndactyla_ucayalae","Simoxenops_ucayalae","Furnariidae",1
"43","Thripadectes_melanorhynchus","Thripadectes_melanorhynchus","Furnariidae",14
"44","Xenops_minutus","Xenops_minutus","Furnariidae",5
"45","Xenops_tenuirostris","Xenops_tenuirostris","Furnariidae",1
"46","Galbula_cyanescens","Galbula_cyanescens","Galbulidae",2
"47","Psarocolius_angustifrons","Psarocolius_angustifrons","Icteridae",1
"48","Momotus_momota","Momotus_momota","Momotidae",2
"49","Basileuterus_tristriatus","Basileuterus_tristriatus","Parulidae",11
"50","Myioborus_melanocephalus","Myioborus_melanocephalus","Parulidae",12
"51","Myioborus_miniatus","Myioborus_miniatus","Parulidae",5
"52","Myiothlypis_bivittata","Basileuterus_bivittatus","Parulidae",11
"53","Myiothlypis_coronata","Basileuterus_coronatus","Parulidae",12
"54","Ceratopipra_chloromeros","Pipra_chloromeros","Pipridae",16
"55","Lepidothrix_coronata","Lepidothrix_coronata","Pipridae",15
"56","Pipra_fasciicauda","Pipra_fasciicauda","Pipridae",25
"57","Piprites_chloris","Piprites_chloris","Pipridae",1
"58","Pteroglossus_azara","Pteroglossus_azara","Ramphastidae",2
"59","Pteroglossus_beauharnaisii","Pteroglossus_beauharnaesii","Ramphastidae",2
"60","Ramphastos_tucanus","Ramphastos_tucanus","Ramphastidae",1
"61","Akletos_goeldii","Myrmeciza_goeldii","Thamnophilidae",4
"62","Dichrozona_cincta","Dichrozona_cincta","Thamnophilidae",1
"63","Epinecrophylla_erythrura","Epinecrophylla_erythrura","Thamnophilidae",1
"64","Epinecrophylla_leucophthalma","Epinecrophylla_leucophthalma","Thamnophilidae",2
"65","Hafferia_fortis","Myrmeciza_fortis","Thamnophilidae",1
"66","Hylophylax_naevius","Hylophylax_naevius","Thamnophilidae",9
"67","Isleria_hauxwelli","Myrmotherula_hauxwelli","Thamnophilidae",19
"68","Myrmoborus_leucophrys","Myrmoborus_leucophrys","Thamnophilidae",1
"69","Myrmoborus_lophotes","Percnostola_lophotes","Thamnophilidae",1
"70","Myrmoborus_myotherinus","Myrmoborus_myotherinus","Thamnophilidae",5
"71","Myrmotherula_axillaris","Myrmotherula_axillaris","Thamnophilidae",20
"72","Myrmotherula_longicauda","Myrmotherula_longicauda","Thamnophilidae",2
"73","Myrmotherula_longipennis","Myrmotherula_longipennis","Thamnophilidae",4
"74","Myrmotherula_menetriesii","Myrmotherula_menetriesii","Thamnophilidae",1
"75","Myrmotherula_schisticolor","Myrmotherula_schisticolor","Thamnophilidae",3
"76","Neoctantes_niger","Neoctantes_niger","Thamnophilidae",1
"77","Oneillornis_salvini","Gymnopithys_salvini","Thamnophilidae",18
"78","Phlegopsis_nigromaculata","Phlegopsis_nigromaculata","Thamnophilidae",4
"79","Rhegmatorhina_melanosticta","Rhegmatorhina_melanosticta","Thamnophilidae",5
"80","Sciaphylax_hemimelaena","Myrmeciza_hemimelaena","Thamnophilidae",4
"81","Thamnomanes_ardesiacus","Thamnomanes_ardesiacus","Thamnophilidae",13
"82","Thamnomanes_schistogynus","Thamnomanes_schistogynus","Thamnophilidae",12
"83","Thamnophilus_schistaceus","Thamnophilus_schistaceus","Thamnophilidae",12
"84","Willisornis_poecilinotus","Willisornis_poecilinotus","Thamnophilidae",26
"85","Anabacerthia_striaticollis","Tangara_arthus","Thraupidae",1
"86","Anisognathus_igniventris","Anisognathus_igniventris","Thraupidae",8
"87","Anisognathus_somptuosus","Anisognathus_somptuosus","Thraupidae",2
"88","Buthraupis_montana","Buthraupis_montana","Thraupidae",4
"89","Chlorochrysa_calliparaea","Chlorochrysa_calliparaea","Thraupidae",3
"90","Chlorornis_riefferii","Chlorornis_riefferii","Thraupidae",14
"91","Chlorospingus_flavigularis","Chlorospingus_flavigularis","Thraupidae",16
"92","Chlorospingus_flavopectus","Chlorospingus_ophthalmicus","Thraupidae",5
"93","Cyanerpes_caeruleus","Cyanerpes_caeruleus","Thraupidae",2
"94","Diglossa_glauca","Diglossa_glauca","Thraupidae",1
"95","Dubusia_taeniata","Dubusia_taeniata","Thraupidae",1
"96","Euphonia_xanthogaster","Euphonia_xanthogaster","Thraupidae",1
"97","Iridosornis_analis","Iridosornis_analis","Thraupidae",2
"98","Iridosornis_jelskii","Iridosornis_jelskii","Thraupidae",14
"99","Kleinothraupis_atropileus","Hemispingus_atropileus","Thraupidae",28
"100","Lanio_versicolor","Lanio_versicolor","Thraupidae",4
"101","Sphenopsis_melanotis","Hemispingus_melanotis","Thraupidae",10
"102","Sporathraupis_cyanocephala","Thraupis_cyanocephala","Thraupidae",8
"103","Tangara_arthus","Tangara_arthus","Thraupidae",9
"104","Tangara_schrankii","Tangara_schrankii","Thraupidae",6
"105","Trichothraupis_melanops","Trichothraupis_melanops","Thraupidae",8
"106","Basileuterus_tristriatus","Eutoxeres_condamini","Trochilidae",1
"107","Campylopterus_largipennis","Campylopterus_largipennis","Trochilidae",1
"108","Phaethornis_koepckeae","Phaethornis_koepckeae","Trochilidae",1
"109","Thalurania_furcata","Thalurania_furcata","Trochilidae",1
"110","Cyphorhinus_arada","Cyphorhinus_arada","Troglodytidae",1
"111","Cyphorhinus_thoracicus","Cyphorhinus_thoracicus","Troglodytidae",13
"112","Microcerculus_marginatus","Microcerculus_marginatus","Troglodytidae",11
"113","Trogon_violaceus","Trogon_violaceus","Trogonidae",1
"114","Catharus_ustulatus","Catharus_ustulatus","Turdidae",3
"115","Turdus_albicollis","Turdus_albicollis","Turdidae",3
"116","Corythopis_torquatus","Corythopis_torquatus","Tyrannidae",11
"117","Leptopogon_amaurocephalus","Leptopogon_amaurocephalus","Tyrannidae",14
"118","Leptopogon_superciliaris","Leptopogon_superciliaris","Tyrannidae",8
"119","Lophotriccus_pileatus","Lophotriccus_pileatus","Tyrannidae",4
"120","Mecocerculus_stictopterus","Mecocerculus_stictopterus","Tyrannidae",1
"121","Mionectes_macconnelli","Mionectes_macconnelli","Tyrannidae",14
"122","Mionectes_oleagineus","Mionectes_oleagineus","Tyrannidae",15
"123","Mionectes_olivaceus","Mionectes_olivaceus","Tyrannidae",21
"124","Myiobius_barbatus","Myiobius_barbatus","Tyrannidae",4
"125","Phylloscartes_ophthalmicus","Phylloscartes_ophthalmicus","Tyrannidae",6
"126","Platyrinchus_coronatus","Platyrinchus_coronatus","Tyrannidae",2
"127","Platyrinchus_platyrhynchos","Platyrinchus_platyrhynchos","Tyrannidae",5
"128","Pyrrhomyias_cinnamomeus","Pyrrhomyias_cinnamomeus","Tyrannidae",2
"129","Ramphotrigon_fuscicauda","Ramphotrigon_fuscicauda","Tyrannidae",2
"130","Rhynchocyclus_fulvipectus","Rhynchocyclus_fulvipectus","Tyrannidae",6
"131","Rhytipterna_simplex","Rhytipterna_simplex","Tyrannidae",3
"132","Terenotriccus_erythrurus","Terenotriccus_erythrurus","Tyrannidae",6
"133","Tunchiornis_ochraceiceps","Hylophilus_ochraceiceps","Vireonidae",6
